id,Resistance,Rv,Ri,Rr,Rincli,Comfort,CS,LWL,BWL,Draft,Displacement,AWP,LCB,LCF,constraint1,constraint2,constraint3,constraint4,constraint5,constraint6,valid
1,5312.9841,448.7765,339.4836,-1713.7793,-5.9582,25.2741,1.8579,10.3600,3.3600,0.5800,7.8739,24.3667,4.8400,4.5300,False,False,False,False,False,False,False
2,2909.4900,418.7804,427.4109,-348.7465,-4.7630,28.0953,1.6173,11.2503,2.8868,0.7036,7.5715,22.4911,4.8736,4.6694,False,False,False,False,False,False,True
3,3960.9555,470.1066,479.7514,3006.3483,-7.5784,31.8521,1.7655,10.5449,3.5474,0.9395,10.7987,26.1950,4.3472,4.9379,False,False,False,False,False,False,True
4,6351.6734,504.9013,677.2084,-1401.8204,-10.0256,51.7810,1.3449,11.1063,2.9731,1.3169,14.3822,23.4430,4.6877,4.2911,False,True,False,False,False,False,False
5,10963.2339,515.1662,668.3395,-3776.9049,-14.2155,49.9593,1.4293,10.6756,3.1936,1.3588,14.8496,23.4378,5.1239,4.9306,False,True,False,False,False,False,False
6,8379.8820,528.3586,604.2562,-2384.1220,-12.2521,55.4222,1.3018,11.0267,2.9115,1.1683,14.8950,22.3828,5.1076,4.8367,False,False,False,True,False,False,False
7,7954.1195,564.8975,645.9395,-1520.2814,-11.7204,47.8268,1.5384,10.9129,3.5842,1.2768,16.8360,26.8793,4.5768,4.4132,False,False,True,False,False,False,False
8,64807.7389,357.5058,350.2671,-64096.9041,-5.0806,27.5968,1.6307,9.9232,2.7519,0.6738,6.3972,19.2528,4.6035,4.9693,False,False,False,False,True,False,False
9,6881.6909,328.9912,472.5679,-3757.0529,-7.1209,42.1429,1.2346,9.8218,2.1409,1.0233,6.9417,14.4073,4.9920,4.6372,False,True,False,False,False,False,False
10,9441.3922,506.9969,538.5411,-2510.8039,-11.9389,44.9923,1.5395,10.1267,3.3541,1.1430,13.7677,24.0841,4.4084,4.3422,False,False,True,False,False,False,False
11,7110.8887,474.8834,653.7563,-773.9567,-11.6655,56.0605,1.2798,10.4346,2.7784,1.3614,13.6228,20.1093,4.3808,4.5264,False,True,False,True,False,False,False
12,2908.7452,349.7712,425.7869,-721.9494,-4.7787,30.4355,1.4204,11.1949,2.3927,0.7071,6.3637,18.9473,5.0891,4.3943,False,False,False,False,True,False,False
13,9410.3523,384.6447,519.8681,-3767.8851,-8.2383,45.6277,1.3645,9.4072,2.6421,1.1995,9.6651,17.6174,4.9792,4.9520,False,True,False,False,False,False,False
14,94749.3146,442.5648,529.3179,-93771.7209,-9.3572,40.6960,1.6242,9.5566,3.3969,1.2013,12.1788,22.9052,4.5954,4.7860,False,False,True,False,False,False,False
15,10052.3598,432.2446,353.8640,-6125.8759,-6.2201,31.7142,1.7436,9.5708,3.3254,0.7342,9.2346,21.7154,4.8477,4.5712,False,False,False,False,False,False,True
16,19911.5981,444.4267,350.2609,-19113.7681,-4.7322,27.4886,1.9416,9.5605,3.7022,0.7250,9.2292,25.0323,4.3886,4.8475,True,False,False,False,False,False,False
17,1641.9154,341.6013,389.0969,44.7487,-3.0654,24.5240,1.5070,11.3414,2.3510,0.5856,5.0550,18.7745,4.7469,4.7934,False,False,False,False,True,False,False
18,6894.3716,481.8907,527.4465,-2280.8730,-9.5054,39.3809,1.5488,11.0981,3.2517,0.9792,12.3195,24.9265,5.1755,4.5193,False,False,False,False,False,False,True
19,10914.5595,455.0398,578.5038,-4627.6168,-12.9342,43.8502,1.4831,10.2604,3.1049,1.2178,12.2150,22.2288,4.9449,4.3601,False,False,False,False,False,False,True
20,4095.2696,385.8928,461.7856,304.4384,-7.8331,38.6543,1.4352,10.1888,2.7056,0.9438,8.9190,19.4524,4.3349,4.6523,False,False,False,False,False,False,True
21,11174.0076,353.4839,391.8819,-9258.7094,-5.8082,36.3453,1.4579,9.3802,2.5938,0.8703,7.4971,17.1651,4.9480,4.5705,False,False,False,False,False,False,True
22,2544.6179,259.6329,285.2060,-1043.8156,-2.2419,21.5253,1.5447,9.4141,2.1051,0.5431,3.3695,13.7377,4.6356,4.5797,False,False,False,False,True,False,False
23,3325.4724,463.3578,445.8572,1538.2120,-7.5169,36.9710,1.5772,10.6706,3.1821,0.8344,10.9329,23.2710,4.4079,4.8820,False,False,False,False,False,False,True
24,3653.0087,348.0467,462.3004,-1151.7917,-5.7578,32.7934,1.3854,10.9815,2.3733,0.8333,6.6915,18.0976,5.1500,4.3044,False,False,False,False,False,False,True
25,3465.8269,371.1910,506.9459,-226.3328,-6.9224,46.3886,1.1642,10.9260,2.1321,0.9535,8.1766,16.2730,4.8815,4.9779,True,True,False,False,False,False,False
26,3499.3833,280.4356,359.7117,-1443.2193,-4.0832,28.0492,1.4146,9.7864,2.1393,0.7209,4.6042,14.7617,4.7260,4.4360,False,False,False,False,True,False,False
27,5623.5448,451.7432,664.8178,-1088.2216,-9.6785,66.7298,1.0727,11.0593,2.3002,1.2970,13.1252,17.4961,4.6031,4.3083,False,True,False,True,False,False,False
28,4583.4698,476.9598,359.7460,-1204.3561,-5.3836,21.9974,2.0251,10.6981,3.6585,0.5923,7.8488,27.2160,5.0588,4.8942,False,False,False,False,False,True,False
29,234644.0861,416.6600,550.7244,233670.7727,-10.2683,50.4593,1.3831,9.3679,2.8712,1.2790,11.9085,18.8232,5.1736,4.6915,False,True,True,True,False,False,False
30,13401.4938,498.2807,573.9243,-5702.1954,-13.9408,50.9418,1.4588,9.9833,3.2609,1.2464,14.8683,22.6758,4.7072,4.3901,False,False,True,True,False,False,False
31,11531.4945,390.7696,524.5175,-7849.9257,-8.3957,54.5315,1.2184,9.4453,2.4019,1.2054,10.2001,16.0595,4.6212,4.9027,False,True,False,True,False,False,False
32,5866.7624,484.5574,615.6483,-800.0759,-9.7691,55.3101,1.2738,10.9111,2.7844,1.2102,13.9027,21.0938,4.4266,4.3467,False,True,False,True,False,False,False
33,2061.3849,430.7482,451.7064,691.7049,-4.4622,28.6968,1.6379,11.2902,2.9956,0.7622,8.1448,23.3135,4.5422,4.9418,False,False,False,False,False,False,True
34,6428.6052,471.9325,521.6703,-2107.3060,-9.4827,46.2109,1.3598,11.0151,2.8226,0.9769,11.9076,21.9377,5.0332,4.2946,False,False,False,False,False,False,True
35,2593.1721,323.7196,371.8472,-748.5374,-4.0745,24.9774,1.4966,10.9269,2.3113,0.5951,4.9028,17.4820,5.1331,4.3429,False,False,False,False,True,False,False
36,2471.1686,290.0449,335.9833,-480.0821,-3.8383,26.9091,1.4138,10.0649,2.1085,0.6111,4.4158,14.8888,4.4707,4.4703,False,False,False,False,True,False,False
37,8971.1946,421.4984,314.2141,-6107.8708,-5.6154,24.2191,1.9026,9.9495,3.3622,0.5605,7.3461,23.4270,5.1319,4.8828,False,False,False,False,False,False,True
38,4626.0859,446.3549,347.5628,-922.3639,-5.1035,22.0439,2.0572,10.1361,3.6851,0.6358,7.6523,25.8923,4.4932,4.5090,False,False,False,False,False,True,False
39,5277.0485,427.7821,565.0222,-1307.3692,-8.3715,42.8441,1.3759,10.7316,2.7255,1.1201,10.3464,20.5199,4.6281,4.2983,False,True,False,False,False,False,False
40,7355.0700,415.2771,325.1704,-4127.0095,-3.9127,21.7446,2.1028,9.5636,3.7137,0.6489,7.3324,24.7727,4.8263,4.2571,True,False,False,False,False,True,False
41,7545.8071,370.1252,570.1686,-2964.4544,-8.6711,53.0748,1.2057,9.7325,2.3474,1.2731,9.8235,16.0439,4.4831,4.3104,False,True,False,True,False,False,False
42,8993.3219,460.3652,370.3795,-4051.3596,-6.1071,27.1561,1.9630,9.5920,3.7536,0.7793,9.3074,25.0140,4.8877,4.9466,True,False,False,False,False,False,False
43,2982.2157,420.2837,410.1709,300.1244,-5.1431,24.5455,1.8811,10.7432,3.4272,0.7285,8.0510,25.9347,4.5286,4.8157,False,False,False,False,False,False,True
44,65249.7691,333.3867,405.9251,-64507.0694,-5.7672,33.5766,1.4510,9.7779,2.4936,0.8531,6.7573,16.6730,4.6345,4.8951,False,False,False,False,False,False,True
45,3008.9011,299.8397,370.5263,-907.4843,-4.5505,26.6786,1.4562,10.3069,2.2338,0.6788,4.8057,15.8704,4.6990,4.2221,False,False,False,False,True,False,False
46,4452.5926,413.4772,411.5495,-907.5754,-6.5864,32.2434,1.6057,10.4611,3.0026,0.7721,8.7043,21.4316,4.4360,4.3176,False,False,False,False,False,False,True
47,5178.8865,470.4385,434.2477,-1262.9823,-6.7540,28.6786,1.8400,10.6967,3.6096,0.8000,10.0498,26.8295,4.5731,4.2162,False,False,False,False,False,False,True
48,4229.0519,406.0768,290.1015,-1248.7409,-2.9093,19.7692,2.0681,9.8303,3.4418,0.5004,6.1363,23.7996,4.6245,4.5904,False,False,False,False,True,True,False
49,3974.5192,550.5068,473.7635,146.5839,-6.6041,32.7022,1.7663,11.2960,3.7122,0.8182,12.3588,29.1236,4.7164,4.8145,False,False,False,False,False,False,True
50,7587.2658,524.4850,614.1710,-767.7665,-12.3593,52.5862,1.4101,10.8586,3.2369,1.2143,16.1027,24.6957,4.7303,4.8338,False,False,True,False,False,False,False
51,3923.5911,364.5739,361.7693,-1129.7834,-5.6477,28.1445,1.5602,10.3405,2.6153,0.6487,6.2699,18.7376,4.7869,4.5638,False,False,False,False,True,False,False
52,5894.7260,406.8603,345.9496,-1941.3548,-5.4473,29.7636,1.7014,9.7029,3.0800,0.6921,7.8968,21.0472,4.6404,4.6300,False,False,False,False,False,False,True
53,7118.3791,509.2977,574.8801,-1268.2339,-10.8690,45.4016,1.4940,10.7944,3.2808,1.1341,14.0968,24.1150,4.7024,4.6731,False,False,False,False,False,False,True
54,15099.3218,378.7363,573.5344,-14142.1898,-8.2127,47.6234,1.2732,9.7830,2.4312,1.2737,9.2690,16.5821,4.4726,4.9874,False,True,False,True,False,False,False
55,9167.6795,498.7303,439.2608,-3378.5377,-11.0270,38.5815,1.5967,10.3546,3.2962,0.8616,11.7122,23.5255,4.9435,4.6642,False,False,False,False,False,False,True
56,10846.0423,592.7073,698.8392,-3722.6809,-14.2252,54.9451,1.4566,11.2783,3.5798,1.3384,19.7614,27.5278,5.1701,4.3337,False,False,True,True,False,False,False
57,6620.6266,476.1564,581.1096,-253.6240,-11.7815,56.5585,1.2668,10.5209,2.7520,1.1870,13.6469,20.2620,4.5506,4.7539,False,True,False,True,False,False,False
58,4579.6539,397.7113,593.0888,-900.2986,-8.0945,54.9570,1.1248,10.8794,2.2142,1.1638,10.1570,16.6563,4.6025,4.3785,False,True,False,True,False,False,False
59,11530.7079,431.4495,280.3078,10817.4291,-1.9096,20.0581,2.1288,9.4518,3.6001,0.5217,6.4386,23.3362,4.6053,4.7121,True,False,False,False,True,True,False
60,7973.5646,349.0305,356.5452,-5427.4179,-5.4110,37.0747,1.3653,9.4561,2.3400,0.7583,6.7026,15.5519,4.9806,4.4302,False,False,False,False,False,False,True
61,9069.7759,350.1296,438.9807,-5855.6642,-6.8327,42.5762,1.3013,9.5174,2.3383,0.9790,7.7230,15.1971,4.9706,4.3958,False,True,False,False,False,False,False
62,5638.5197,348.9846,288.4003,-3272.7805,-3.2515,24.4201,1.7414,9.4795,2.8254,0.5444,5.6857,18.8791,4.8354,4.2500,False,False,False,False,True,False,False
63,9067.6774,437.7614,405.9776,-4162.8807,-7.5881,35.1574,1.6748,9.6555,3.3017,0.8705,10.2001,22.1579,4.7058,4.5891,False,False,False,False,False,False,True
64,3028.3702,400.0764,418.0458,-519.9678,-5.1526,33.1928,1.4360,11.1943,2.5706,0.6863,7.6364,20.2361,4.8700,4.5387,False,False,False,False,False,False,True
65,4222.4686,334.7485,323.8564,-1524.2299,-4.2626,29.1512,1.5361,9.6659,2.5268,0.6304,5.9247,16.6537,4.5954,4.5249,False,False,False,False,True,False,False
66,12861.0254,465.4561,488.7994,11899.7659,-11.5381,39.5201,1.6363,10.0049,3.4462,1.0385,12.4349,23.5262,4.8252,4.9722,False,False,True,False,False,False,False
67,5584.6325,522.9284,505.8696,1769.6687,-11.2268,43.4034,1.5697,10.3591,3.4314,1.0309,13.9058,24.5264,4.4149,4.8066,False,False,True,False,False,False,False
68,5010.5516,501.3766,486.6113,-1055.5782,-7.1745,30.2887,1.8116,10.9786,3.6664,0.8955,11.0357,28.4673,4.7214,4.3871,False,False,False,False,False,False,True
69,3226.7948,426.1449,544.5662,-166.2581,-6.1662,44.5874,1.2766,11.2300,2.4861,1.0016,9.8328,19.2657,4.4821,4.3887,False,False,False,False,False,False,True
70,15310.4067,541.8273,663.9611,-6466.2875,-17.7436,63.4523,1.2874,10.5380,3.0373,1.3688,17.4820,22.5306,5.1004,4.5772,False,True,True,True,False,False,False
71,6902.7302,456.0770,290.2563,-3567.8256,-2.6364,22.2724,2.0817,9.5205,3.6929,0.5446,7.4320,24.7429,4.6697,4.2514,True,False,False,False,False,True,False
72,10499.0418,428.6479,557.1358,-4343.4804,-10.7402,43.6862,1.4949,9.8411,3.0895,1.2273,11.7503,21.3357,4.7409,4.6342,False,False,True,False,False,False,False
73,6554.9122,374.1683,490.2025,-1668.1406,-8.2393,47.7749,1.2747,9.7445,2.4370,1.0787,9.3035,16.6056,4.6083,4.6593,False,True,False,True,False,False,False
74,6051.5065,331.3483,503.6640,-2467.8017,-6.8005,42.0181,1.2922,9.6639,2.3047,1.1236,7.5528,15.3002,4.6962,4.6280,False,True,False,False,False,False,False
75,2209.9630,314.4325,339.1624,-528.3628,-3.3380,20.5441,1.6341,10.9234,2.4074,0.4995,4.2569,17.9956,5.1680,4.8432,False,False,False,False,True,False,False
76,6535.9758,451.2791,470.7429,-2216.0216,-8.5815,32.4429,1.6663,10.6024,3.2393,0.9084,9.7808,23.7967,4.9658,4.5376,False,False,False,False,False,False,True
77,10068.5206,472.7620,545.0649,-2880.6259,-10.2235,42.7308,1.6389,9.6929,3.5753,1.2197,13.8220,24.4063,4.3351,4.3912,True,False,True,False,False,False,False
78,8272.7270,538.1860,572.1493,-1745.8489,-12.0062,44.7107,1.5516,10.7235,3.4701,1.1378,14.8919,25.6678,4.7878,4.7370,False,False,False,False,False,False,True
79,16388.9356,483.7109,455.3479,-13204.4671,-8.6340,40.1159,1.6424,9.5710,3.4382,1.0144,12.2126,22.9889,4.5019,4.9501,False,False,True,False,False,False,False
80,4974.3086,422.1322,338.1732,4211.0996,-4.5708,31.0726,1.7262,9.4328,3.2072,0.7069,8.5384,20.7981,4.3749,4.6236,False,False,False,False,False,False,True
81,4754.9967,318.2531,437.5577,-1806.0546,-6.8248,35.6490,1.2989,10.2036,2.1550,0.8784,6.0793,15.3221,4.9655,4.6253,False,True,False,False,True,False,False
82,2823.6523,402.5042,455.6983,69.1733,-5.4556,32.3794,1.4907,10.9945,2.6885,0.8143,7.8087,20.9830,4.6619,4.8342,False,False,False,False,False,False,True
83,11608.0823,519.1620,594.4378,-3517.7797,-14.3039,46.4206,1.5990,10.1969,3.6694,1.2633,16.0885,25.7708,4.4352,4.2582,False,False,True,False,False,False,False
84,4210.8267,450.8448,684.3011,-280.4028,-7.7909,54.0003,1.2064,11.2871,2.5243,1.3065,12.1965,19.7913,4.5579,4.4753,False,True,False,True,False,False,False
85,15747.3584,502.4022,594.4712,-7691.4242,-12.8754,53.3613,1.4742,9.5967,3.3629,1.3481,15.8004,22.7254,4.6390,4.4902,False,False,True,True,False,False,False
86,7255.2995,528.7932,509.8186,-1872.9746,-10.0839,40.5061,1.5917,10.9811,3.4582,0.9528,13.6539,26.3751,4.9642,4.6990,False,False,False,False,False,False,True
87,7032.0110,498.8331,481.9092,-2176.4635,-9.1526,34.7323,1.6914,10.6410,3.4719,0.9313,11.5145,25.3911,4.7749,4.3186,False,False,False,False,False,False,True
88,5777.6181,456.4276,589.7207,-1179.3570,-9.0953,43.4401,1.4600,10.8337,3.0698,1.1626,12.3746,23.5742,4.5489,4.3549,False,False,False,False,False,False,True
89,3198.7267,392.1679,456.1857,-736.9225,-5.1407,28.8229,1.5762,11.2622,2.8000,0.7778,7.4633,21.5187,5.0399,4.4078,False,False,False,False,False,False,True
90,8902.9138,466.8857,623.7815,-1334.4854,-13.4488,60.7152,1.2522,10.1380,2.7696,1.3375,14.4040,19.8676,4.4118,4.5590,False,True,True,True,False,False,False
91,6845.9083,492.5183,456.6752,-2371.6278,-8.7855,35.7150,1.6412,10.9590,3.3856,0.8219,11.6864,26.2271,5.0741,4.2201,False,False,False,False,False,False,True
92,11305.2216,581.0491,610.1348,-1977.6074,-15.8024,54.1540,1.5051,10.6118,3.6694,1.2401,19.2910,27.4021,4.6941,4.7576,False,False,True,False,False,False,False
93,3792.4960,354.6729,544.3223,-793.9546,-6.4982,42.7571,1.2184,10.5869,2.1748,1.0918,7.5703,15.8716,4.4761,4.2394,False,True,False,False,False,False,False
94,1788.7505,361.5410,505.1767,514.6946,-4.2750,37.7001,1.2795,11.3380,2.2663,0.8910,7.3982,17.5417,4.3357,4.7348,True,False,False,False,False,False,False
95,9829.1303,374.2047,585.0786,-5240.2646,-8.8028,62.0159,1.0953,9.4810,2.1454,1.3430,10.0036,13.8338,4.6850,4.5398,False,True,False,True,False,False,False
96,13071.9896,397.2950,547.6560,-8470.8110,-10.0780,47.6473,1.3351,9.6959,2.6394,1.2255,10.2851,17.8172,5.0666,4.5590,False,True,False,True,False,False,False
97,2418.1977,283.5562,319.8560,-701.0015,-3.5691,21.9339,1.5422,10.3467,2.2058,0.5220,3.8954,15.7586,4.8357,4.4581,False,False,False,False,True,False,False
98,4734.7286,374.5639,423.1952,-549.1333,-5.8869,35.0896,1.5135,9.5477,2.7362,0.9326,7.8652,18.5015,4.4940,4.6038,False,False,False,False,False,False,True
99,5052.9523,468.9085,484.8383,-837.3574,-7.5596,35.5842,1.6447,10.7342,3.3618,0.9256,11.3691,25.4108,4.3701,4.2383,False,False,False,False,False,False,True
100,4232.4486,368.0389,536.5842,-974.5723,-7.1380,40.9418,1.2641,10.7627,2.2795,1.0485,7.8066,17.0201,4.9450,4.8096,False,True,False,False,False,False,False
101,3604.5846,314.4661,404.3996,-906.0803,-5.8278,32.7937,1.3479,10.3529,2.2040,0.7677,5.8202,16.1816,4.8407,4.7707,False,False,False,False,True,False,False
102,9858.3569,434.3174,382.9066,-5698.8321,-6.1142,27.4385,1.9460,9.5636,3.7137,0.8191,9.2524,24.7727,4.8263,4.2571,True,False,False,False,False,False,False
103,2200.3420,379.1128,392.4985,80.9934,-4.0584,25.6205,1.6117,10.9945,2.6885,0.6441,6.1787,20.9830,4.6619,4.8342,False,False,False,False,True,False,False
104,16490.9570,378.7363,573.5344,-15533.8945,-8.0738,47.6234,1.2732,9.7830,2.4312,1.2737,9.2690,16.5783,4.4099,4.9874,False,True,False,True,False,False,False
105,3463.8040,283.6468,348.8361,-1406.8478,-4.0344,28.1565,1.4128,9.7864,2.1393,0.6889,4.6218,14.7650,4.7111,4.4360,False,False,False,False,True,False,False
106,21283.4039,444.8618,350.8005,-20484.5761,-4.7712,27.5030,1.9408,9.5710,3.7022,0.7251,9.2408,25.0598,4.3886,4.8475,True,False,False,False,False,False,False
107,10147.7524,432.3912,353.3220,-6250.7101,-6.1753,31.6799,1.7463,9.5603,3.3310,0.7341,9.2386,21.7282,4.8477,4.5712,False,False,False,False,False,False,True
108,4656.2485,352.1323,517.6352,-1463.3383,-7.3700,43.0858,1.2034,10.6399,2.1409,1.0201,7.4964,15.7058,4.9920,4.6372,False,True,False,False,False,False,False
109,5012.7969,329.9047,495.5177,-1910.0220,-6.1064,41.7405,1.2522,9.7237,2.1748,1.0950,6.9734,14.4861,4.4761,4.2394,False,True,False,False,False,False,False
110,4913.5666,376.4366,534.2227,-1487.6432,-7.8049,43.1933,1.2515,10.7414,2.3101,1.0458,8.3722,17.2221,4.9920,4.6372,False,True,False,False,False,False,False
111,5351.7305,319.9739,474.7892,-2226.3582,-6.4381,39.5721,1.2501,9.8431,2.1103,1.0259,6.4037,14.2260,4.8733,4.8096,False,True,False,False,True,False,False
112,1636.5541,341.9583,389.2567,51.4865,-3.0633,24.5017,1.5074,11.3414,2.3510,0.5861,5.0504,18.7745,4.7469,4.8021,False,False,False,False,True,False,False
113,3399.4010,370.8197,506.7664,-166.1295,-6.8709,46.4354,1.1639,10.9260,2.1321,0.9531,8.1848,16.2730,4.8540,4.9688,True,True,False,False,False,False,False
114,5289.8963,486.0465,384.9053,-1468.6154,-6.5149,24.6816,1.9489,10.6981,3.6585,0.6646,8.8065,27.2494,5.0666,4.8942,False,False,False,False,False,False,True
115,12012.0165,389.2129,517.5913,-7716.4603,-9.3781,44.8396,1.3624,9.6959,2.6394,1.1532,9.6790,17.7954,5.0588,4.5590,False,True,False,False,False,False,False
116,5750.7506,329.0580,437.3757,-2577.2525,-7.4866,33.2708,1.4015,10.2002,2.3704,0.8784,6.4406,16.8478,5.1459,4.6253,False,False,False,False,True,False,False
117,3022.9094,330.2688,462.4875,-796.3055,-5.0837,33.8485,1.3005,10.9850,2.1588,0.8333,6.0886,16.4671,4.9696,4.3039,True,False,False,False,True,False,False
118,49913.5436,444.2250,531.7537,-48931.3013,-10.4574,40.7543,1.6218,9.5982,3.3969,1.2013,12.2318,23.0047,4.9487,4.7860,False,False,True,False,False,False,False
119,6215.6917,353.4839,391.8819,-2669.7528,-5.3681,36.3453,1.4579,9.3802,2.5938,0.8703,7.4971,17.1651,4.5946,4.5705,False,False,False,False,False,False,True
120,5179.6275,470.4385,434.2477,-1265.0359,-6.7540,28.6786,1.8400,10.6967,3.6096,0.8000,10.0498,27.2302,4.5731,4.2162,False,False,False,False,False,False,True
121,3510.4012,280.4356,359.7117,-1461.1616,-4.0941,28.0492,1.4146,9.7864,2.1393,0.7209,4.6042,14.5444,4.7355,4.4360,False,False,False,False,True,False,False
122,3493.9173,328.2507,472.5679,2689.0467,-7.1015,42.1914,1.2318,9.8218,2.1335,1.0233,6.9178,14.4436,4.9920,4.9316,False,True,False,False,False,False,False
123,2449.7704,431.7716,451.7064,151.1498,-4.4690,28.6668,1.6413,11.2902,3.0050,0.7622,8.1705,23.2818,4.5422,4.6474,False,False,False,False,False,False,True
124,5856.1053,332.9284,509.8290,-2183.9417,-7.1168,42.1702,1.2874,9.7714,2.3047,1.1236,7.6368,15.4705,4.6962,4.6280,False,True,False,False,False,False,False
125,9392.3926,331.8069,400.4261,-8263.6148,-5.4849,33.4556,1.4563,9.6704,2.4936,0.8531,6.6830,16.4896,4.6345,4.8951,False,False,False,False,False,False,True
126,2802.1970,306.9077,321.6272,-831.1229,-4.1601,26.1179,1.4444,10.3855,2.1804,0.5220,4.5792,15.6358,4.8357,4.4581,False,False,False,False,True,False,False
127,5485.6381,435.4472,519.4138,-1769.8777,-8.1813,38.9267,1.4482,10.9762,2.8482,0.9769,10.1268,22.0583,5.0332,4.2946,False,False,False,False,False,False,True
128,4204.4579,389.4493,556.7489,-913.8200,-7.2510,44.8035,1.2375,11.1949,2.3545,1.0353,9.1690,18.6447,5.0891,4.8280,False,True,False,False,False,False,False
129,2924.0608,327.6252,408.1760,-801.0680,-4.6814,28.1047,1.4347,10.7627,2.2845,0.7203,5.3746,17.0577,4.9450,4.4223,False,False,False,False,True,False,False
130,3244.8342,462.8087,445.8572,2331.5566,-7.4588,36.9710,1.5772,10.6706,3.1821,0.8344,10.9329,23.2710,4.3878,4.9433,False,False,False,False,False,False,True
131,4754.9911,318.2531,437.5577,-1806.0427,-6.8248,35.6490,1.2989,10.2036,2.1550,0.8784,6.0793,15.3206,4.9655,4.6253,False,True,False,False,True,False,False
132,3458.6969,426.7752,343.8272,1834.6326,-4.9547,31.2035,1.7189,9.5530,3.2072,0.7069,8.6472,21.0632,4.3737,4.6236,False,False,False,False,False,False,True
133,2157.9090,427.4098,445.2109,702.0923,-4.6684,28.6060,1.6437,11.1698,2.9956,0.7622,8.0579,23.0648,4.5379,4.9418,False,False,False,False,False,False,True
134,6431.9438,471.9325,521.6703,-2109.9219,-9.4857,46.2109,1.3598,11.0151,2.8226,0.9769,11.9076,21.9377,5.0341,4.2946,False,False,False,False,False,False,True
135,3651.3881,348.0467,462.3004,-1150.5238,-5.7561,32.7934,1.3854,10.9815,2.3733,0.8333,6.6915,18.0976,5.1490,4.3044,False,False,False,False,False,False,True
136,6924.4065,482.7353,527.4465,-2292.7002,-9.5289,39.3343,1.5525,11.0981,3.2633,0.9792,12.3634,25.0151,5.1755,4.5193,False,False,False,False,False,False,True
137,5777.0862,456.8021,589.7207,-1178.3139,-9.0953,43.4401,1.4600,10.8337,3.0698,1.1626,12.3746,23.5742,4.5489,4.3549,False,False,False,False,False,False,True
138,3855.7020,444.5456,537.1448,-330.6789,-7.1921,49.5135,1.2360,11.1047,2.4861,1.0016,10.8334,19.0507,4.4821,4.3887,False,False,False,False,False,False,True
139,6061.1726,431.8373,290.2563,-3088.9874,-2.3636,19.9678,2.1589,9.5205,3.6929,0.5446,6.6630,24.7294,4.6697,4.2514,True,False,False,False,True,True,False
140,4041.5413,364.0580,361.7693,-1172.0550,-5.7350,29.1221,1.5255,10.3405,2.5635,0.6487,6.3169,18.3664,4.7869,4.5638,False,False,False,False,True,False,False
141,9522.4782,349.4948,434.0102,-6610.0245,-6.5891,43.0098,1.2998,9.4239,2.3383,0.9790,7.7504,15.0480,4.9706,4.3958,False,True,False,False,False,False,False
142,3646.2026,347.8807,461.7897,-1149.0330,-5.7475,32.7415,1.3862,10.9815,2.3733,0.8319,6.6809,18.0976,5.1500,4.3049,False,False,False,False,False,False,True
143,5434.4085,323.8378,474.7993,-2044.7925,-6.2955,39.3129,1.3212,9.6639,2.3047,1.0513,7.0665,15.3002,4.6962,4.6601,False,True,False,False,False,False,False
144,12028.2271,500.2883,504.3560,-4911.1054,-13.8819,43.2462,1.5716,10.3591,3.4314,1.0272,13.8554,25.1245,5.0502,4.8066,False,False,True,False,False,False,False
145,2105.1521,362.9629,425.7869,-58.3811,-3.8787,30.4355,1.4204,11.1949,2.3927,0.7071,6.3637,18.4966,4.4752,4.3943,False,False,False,False,True,False,False
146,3032.7266,280.9108,314.4655,-1208.6309,-3.7070,24.5656,1.4609,9.9601,2.1085,0.5597,4.0026,14.7337,4.8689,4.4703,False,False,False,False,True,False,False
147,2140.2014,372.9877,510.4689,1038.6853,-5.9867,46.4668,1.1621,10.9873,2.1321,0.9535,8.2225,16.3644,4.4834,4.9779,True,True,False,False,False,False,False
148,13424.8941,457.6977,516.4917,-5727.0555,-9.5471,41.7047,1.6299,9.3490,3.4385,1.1995,12.5006,22.7860,4.9792,4.9520,True,False,True,False,False,False,False
149,2218.0249,339.4032,410.2809,208.7689,-4.4470,26.9530,1.5601,10.7453,2.5888,0.7285,6.0828,19.5946,4.5286,4.8157,False,False,False,False,True,False,False
150,3456.9088,435.0546,570.3584,-192.6233,-6.5912,47.2477,1.2537,11.2300,2.4917,1.0621,10.4507,19.3053,4.4818,4.3887,False,True,False,False,False,False,False
151,4725.7381,374.0269,423.1952,-550.7533,-5.8800,35.1135,1.5115,9.5477,2.7306,0.9326,7.8492,18.4666,4.4943,4.6038,False,False,False,False,False,False,True
152,6846.7562,461.6418,434.2477,-2681.2375,-8.1072,27.6161,1.8633,10.6967,3.6096,0.8000,9.6775,27.0177,5.1651,4.2234,False,False,False,False,False,False,True
153,5474.2696,421.4984,314.2141,4735.6894,-4.3673,24.2191,1.9026,9.9495,3.3622,0.5605,7.3461,23.2448,4.5279,4.8810,False,False,False,False,False,False,True
154,3090.0986,296.0749,381.7631,-780.8047,-4.9837,29.3504,1.3793,10.2361,2.1393,0.7209,4.9672,15.4400,4.7260,4.6201,False,False,False,False,True,False,False
155,5717.6951,301.4054,413.9266,-3216.1944,-5.6074,34.0662,1.3323,9.7539,2.1550,0.8784,5.6342,14.6468,5.0643,4.4412,False,True,False,False,True,False,False
156,4968.2662,333.6732,473.9620,-1619.6694,-6.4832,42.3236,1.2289,9.8241,2.1289,1.0265,6.9203,14.4980,4.6356,4.5797,False,True,False,False,False,False,False
157,5107.6803,258.2724,284.2629,-4563.7939,-2.4446,21.3113,1.5645,9.4119,2.1409,0.5404,3.4113,13.8060,4.9920,4.6372,False,False,False,False,True,False,False
158,8123.8007,431.4989,285.0218,-5046.8449,-2.4375,22.3308,2.0786,9.3990,3.6699,0.5447,7.3266,24.3136,4.8354,4.2500,True,False,False,False,False,True,False
159,3385.1106,362.4014,348.4669,-633.2978,-4.7460,24.0472,1.7284,10.1574,2.8402,0.6354,5.9073,19.9977,4.4932,4.5090,False,False,False,False,True,False,False
160,7046.7618,473.7825,536.5842,-1831.5716,-9.8647,35.4506,1.6860,10.7627,3.5113,1.0485,12.0251,26.2174,4.9450,4.8096,False,False,False,False,False,False,True
161,2522.6499,294.1730,290.1015,-680.2566,-2.9793,22.9097,1.5400,9.8303,2.2116,0.5004,3.9429,15.2924,4.6245,4.5904,False,False,False,False,True,False,False
162,8273.7746,504.2768,620.0003,-2803.5219,-11.9261,57.0109,1.2678,11.0151,2.8226,1.2053,14.6905,21.9374,5.0161,4.2946,False,True,False,True,False,False,False
163,9123.0770,365.4523,439.1364,-6315.3830,-6.5716,44.7690,1.3012,9.4453,2.4019,0.9896,8.3741,16.0598,4.5886,4.9088,False,True,False,False,False,False,False
164,2760.6731,373.4668,583.8026,-226.8166,-5.2694,43.5372,1.1943,11.2397,2.1748,1.0918,8.0373,16.8503,4.4761,4.2394,True,True,False,False,False,False,False
165,4581.5756,372.4716,421.3643,-1637.7384,-6.4190,28.3082,1.6079,10.6094,2.8000,0.7778,7.0305,20.2713,5.0600,4.4078,False,False,False,False,False,False,True
166,3293.0763,418.8533,503.2239,55.7006,-6.4197,37.1642,1.4238,10.9945,2.6885,0.9347,8.9626,20.9830,4.6619,4.8342,False,False,False,False,False,False,True
167,7088.0823,498.8331,481.9092,-2222.1563,-9.1526,34.7323,1.6914,10.6410,3.4719,0.9313,11.5145,25.3911,4.7749,4.2861,False,False,False,False,False,False,True
168,5986.0632,477.3176,587.6572,-421.5102,-10.3064,47.7425,1.4155,10.8003,3.0688,1.1626,13.5652,23.4940,4.6027,4.7438,False,False,False,False,False,False,True
169,8066.9707,513.2317,572.1493,-2481.0843,-10.9052,40.6405,1.6020,10.7235,3.4711,1.1378,13.5413,25.6750,4.7847,4.3482,False,False,False,False,False,False,True
170,4805.8113,433.3214,411.3346,-994.6975,-6.8243,31.5771,1.6740,10.4570,3.1955,0.7721,9.2599,22.7803,4.4360,4.3175,False,False,False,False,False,False,True
171,3099.7033,442.4697,446.0809,1413.2093,-7.2390,37.7543,1.5126,10.6747,2.9892,0.8344,10.2741,21.8673,4.4079,4.8821,False,False,False,False,False,False,True
172,4139.8732,388.6574,461.7856,329.1029,-7.9360,39.2101,1.4284,10.1888,2.7056,0.9438,9.0472,19.4524,4.3313,4.6523,False,False,False,False,False,False,True
173,2639.9288,340.9971,403.9331,-632.3061,-4.3026,27.8754,1.4626,11.1949,2.3927,0.6476,5.8285,18.9473,5.0891,4.3943,False,False,False,False,True,False,False
174,10373.3394,428.7242,557.4772,-4169.7800,-10.7597,43.6664,1.4950,9.8468,3.0895,1.2273,11.7496,21.3480,4.7409,4.6542,False,False,True,False,False,False,False
175,8710.8116,418.9494,313.9578,-5799.9862,-5.5493,23.9463,1.9101,9.9438,3.3622,0.5605,7.2606,23.3246,5.1412,4.8627,False,False,False,False,False,False,True
176,10054.8680,432.2446,353.8640,-6127.2082,-6.2201,31.7142,1.7436,9.5708,3.3254,0.7342,9.2346,21.7170,4.8477,4.5712,False,False,False,False,False,False,True
177,3215.8793,426.1449,544.5662,-151.9137,-6.1662,44.5874,1.2766,11.2300,2.4861,1.0016,9.8328,19.2642,4.4821,4.4009,False,False,False,False,False,False,True
178,5995.5116,499.7077,677.2084,-1195.7929,-9.6681,51.0329,1.3490,11.1063,2.9636,1.3169,14.1143,23.3684,4.6336,4.2911,False,True,False,False,False,False,False
179,4066.8702,476.4426,479.7514,3105.8121,-7.7589,32.5316,1.7557,10.5449,3.5568,0.9395,11.0683,26.2649,4.3472,4.9379,False,False,False,False,False,False,True
180,9404.0835,383.7588,519.8681,-3767.3214,-8.2383,45.6277,1.3645,9.4072,2.6421,1.1995,9.6651,17.6174,4.9792,4.9520,False,True,False,False,False,False,False
181,5764.9736,457.4086,589.7207,-1172.9200,-9.0953,43.4401,1.4600,10.8337,3.0698,1.1626,12.3746,23.5742,4.5489,4.3549,False,False,False,False,False,False,True
182,4395.5046,400.6241,433.4471,-1417.9100,-6.7927,38.8460,1.3099,10.9517,2.3723,0.7619,7.9072,18.2599,5.1462,4.4302,False,False,False,False,False,False,True
183,6107.0481,299.7570,382.8401,-3827.4531,-4.7277,31.5046,1.4266,9.4877,2.3000,0.8296,5.5785,15.1530,4.9844,4.3044,False,False,False,False,True,False,False
184,2377.6730,319.8836,381.9407,-600.1968,-3.8233,25.1163,1.4874,11.1311,2.3113,0.5951,4.9944,17.7064,5.1331,4.3429,False,False,False,False,True,False,False
185,6209.9423,365.4996,304.7869,-3645.3837,-3.8757,26.7861,1.6886,9.4795,2.8254,0.5971,6.2366,18.8791,4.8354,4.2500,False,False,False,False,True,False,False
186,5579.7531,363.1795,493.8363,-1874.9882,-8.2259,45.0033,1.2278,10.3074,2.2489,1.0084,8.1797,15.9779,4.6990,4.2633,False,True,False,False,False,False,False
187,1940.6442,355.6869,414.5110,-122.9273,-3.3895,26.3023,1.5222,11.2272,2.4861,0.6720,5.7994,19.2908,4.4821,4.2142,False,False,False,False,True,False,False
188,4009.2725,352.8499,361.7693,-1175.6799,-5.6477,28.1445,1.5602,10.3405,2.6153,0.6487,6.2699,18.7376,4.7869,4.5638,False,False,False,False,True,False,False
189,46211.5423,345.3501,407.4151,45455.3409,-5.8436,33.6089,1.4495,9.8069,2.4936,0.8531,6.7773,16.7225,4.6345,4.8951,False,False,False,False,False,False,True
190,8389.4273,421.4984,314.2141,-5268.9540,-5.6155,24.2191,1.9026,9.9495,3.3622,0.5605,7.3461,23.4270,5.1320,4.8407,False,False,False,False,False,False,True
191,2483.6509,320.6021,363.8437,-706.3747,-3.8776,24.0067,1.5166,10.9269,2.3113,0.5720,4.7123,17.4820,5.1330,4.3429,False,False,False,False,True,False,False
192,4723.3445,447.7278,351.5357,-948.5762,-5.2739,22.4523,2.0446,10.1361,3.6851,0.6475,7.7941,26.0418,4.4932,4.5090,False,False,False,False,False,True,False
193,14913.9788,377.4686,568.4057,-13963.2952,-8.1258,47.1786,1.2772,9.7830,2.4312,1.2618,9.1824,16.4869,4.4726,4.9874,False,True,False,True,False,False,False
194,3650.4147,346.4309,462.3004,-1149.9240,-5.7578,32.7934,1.3854,10.9815,2.3733,0.8333,6.6915,18.0976,5.1500,4.3209,False,False,False,False,False,False,True
195,4252.0491,368.0389,536.5842,-1002.3202,-7.1380,40.9418,1.2641,10.7627,2.2795,1.0485,7.8066,17.0201,4.9450,4.7931,False,True,False,False,False,False,False
196,24552.4921,358.1916,352.8464,-23838.3110,-5.2363,28.0138,1.6234,9.9017,2.7520,0.6845,6.4846,19.2116,4.6604,4.9693,False,False,False,False,True,False,False
197,6828.6884,489.5521,577.7982,-257.1048,-11.9765,55.2851,1.3068,10.5425,2.8732,1.1764,14.1491,21.1983,4.5506,4.7539,False,True,False,True,False,False,False
198,2167.7097,313.2553,336.1324,-514.8728,-3.2540,20.1682,1.6442,10.9234,2.4074,0.4904,4.1790,18.5402,5.1680,4.8432,False,False,False,False,True,False,False
199,3359.0577,276.6664,342.8348,-1420.2167,-3.7556,26.7776,1.4382,9.7397,2.1393,0.6776,4.3814,14.2598,4.7260,4.4360,False,False,False,False,True,False,False
200,58197.2420,336.2377,350.2671,-57507.8442,-4.8677,28.3553,1.5447,9.9232,2.5369,0.6738,5.8974,17.7486,4.6035,4.9693,False,False,False,False,True,False,False
201,2499.3740,291.6520,335.9833,-487.1766,-3.8810,27.2081,1.4086,10.0649,2.1085,0.6111,4.4649,14.8888,4.4707,4.4703,False,False,False,False,True,False,False
202,5118.7954,363.5714,360.9942,-2136.8587,-6.4938,29.1080,1.5263,10.3245,2.5635,0.6487,6.3071,18.3379,5.1494,4.5638,False,False,False,False,True,False,False
203,1998.5423,320.2802,382.7375,-302.8691,-3.3666,25.1270,1.4867,11.1471,2.3113,0.5951,5.0016,17.7319,4.7696,4.3429,False,False,False,False,True,False,False
204,1933.8570,355.6833,414.5110,-113.8193,-3.3894,26.3018,1.5222,11.2272,2.4861,0.6720,5.7993,19.2904,4.4821,4.2345,False,False,False,False,True,False,False
205,4921.3573,318.2563,437.5577,-1965.4966,-6.9253,35.6497,1.2989,10.2036,2.1550,0.8784,6.0794,15.2925,5.0148,4.6072,False,True,False,False,True,False,False
206,3209.2536,343.0685,448.1728,-718.2275,-5.4599,31.2879,1.4073,10.9815,2.3733,0.7966,6.3843,18.3864,5.1500,4.9855,False,False,False,False,True,False,False
207,4136.6537,335.0115,350.2671,-1529.4621,-4.8323,28.1489,1.5484,9.9232,2.5369,0.6738,5.8545,17.4697,4.6035,4.2572,False,False,False,False,True,False,False
208,2188.5711,312.2366,339.2114,-522.2305,-3.3229,20.6059,1.6243,10.9245,2.3860,0.4995,4.2194,18.3481,5.1680,4.8432,False,False,False,False,True,False,False
209,1637.2799,341.9278,389.1979,52.0481,-3.0645,24.5010,1.5075,11.3403,2.3510,0.5861,5.0499,18.2092,4.7469,4.8021,False,False,False,False,True,False,False
210,3923.5911,364.5739,361.7693,-1129.7834,-5.6477,28.1445,1.5602,10.3405,2.6153,0.6487,6.2699,18.7376,4.7869,4.5638,False,False,False,False,True,False,False
211,4022.3475,352.8499,361.7693,-1194.1374,-5.6477,28.1445,1.5602,10.3405,2.6153,0.6487,6.2699,18.7376,4.7869,4.5472,False,False,False,False,True,False,False
212,8712.1469,331.3483,503.6640,-5575.9640,-7.2953,42.0181,1.2922,9.6639,2.3047,1.1236,7.5528,15.4640,4.9871,4.6280,False,True,False,False,False,False,False
213,4889.9974,299.7570,382.8401,-2583.2018,-4.4210,31.5046,1.4266,9.4877,2.3000,0.8296,5.5785,14.9926,4.6934,4.3044,False,False,False,False,True,False,False
214,14298.5431,326.1963,465.3757,13502.8594,-7.2449,41.4400,1.2392,9.8201,2.1335,1.0051,6.7938,14.6130,5.1549,4.9316,False,True,False,False,False,False,False
215,5087.4185,329.0861,437.4666,-1966.2996,-7.0978,33.2726,1.4014,10.2019,2.3704,0.8784,6.4417,16.6521,4.9689,4.6253,False,False,False,False,True,False,False
216,5384.5734,346.1195,329.9765,-2588.9517,-4.7494,29.6734,1.5568,9.6659,2.6160,0.6492,6.3165,17.2418,4.7603,4.5499,False,False,False,False,True,False,False
217,3169.4279,352.5921,355.3598,-601.5393,-4.9826,27.6486,1.5395,10.3405,2.5261,0.6300,5.8808,18.0983,4.5985,4.5638,False,False,False,False,True,False,False
218,3027.1272,400.1360,418.0951,-517.8450,-5.1412,33.1752,1.4362,11.1983,2.5706,0.6858,7.6343,20.3994,4.8700,4.5387,False,False,False,False,False,False,True
219,1746.0747,362.9634,508.2014,523.6780,-4.1981,37.7669,1.2774,11.3877,2.2663,0.8914,7.4343,17.6389,4.3357,4.7348,True,False,False,False,False,False,False
220,1860.9405,361.9776,505.1767,496.1792,-4.4286,37.7001,1.2795,11.3380,2.2663,0.8910,7.3982,17.5417,4.4368,4.8134,True,False,False,False,False,False,False
221,2310.3666,339.0613,410.2809,62.4501,-4.4231,26.9530,1.5601,10.7453,2.5888,0.7285,6.0828,19.5946,4.5136,4.7371,False,False,False,False,True,False,False
222,2466.8414,315.8165,371.8472,-663.5860,-3.9928,25.2537,1.4641,10.9269,2.2362,0.5951,4.7437,16.9146,5.1331,4.5884,False,False,False,False,True,False,False
223,2713.7821,259.6329,285.2060,-1297.4384,-2.2419,21.5253,1.5447,9.4141,2.1051,0.5431,3.3695,13.7376,4.6356,4.3342,False,False,False,False,True,False,False
224,7033.8161,448.0800,303.9224,-3413.8306,-4.1207,22.7729,2.0454,9.8102,3.6699,0.5477,7.6894,25.3528,4.8354,4.2500,True,False,False,False,False,True,False
225,5632.4065,321.5076,450.3947,-2614.1666,-5.4088,41.6218,1.2477,9.4129,2.1289,1.0238,6.6131,13.8913,4.6356,4.5797,False,True,False,False,True,False,False
226,148532.3516,329.2711,474.9253,-147724.0176,-7.2356,42.2504,1.2300,9.8644,2.1335,1.0233,6.9477,14.5061,4.9920,4.9316,False,True,False,False,False,False,False
227,1853.2893,363.5242,502.3561,518.7663,-4.4348,38.3534,1.2735,11.2886,2.2663,0.8910,7.5033,17.4654,4.3357,4.7348,False,False,False,False,False,False,True
228,4041.6458,364.0580,361.7693,-1172.2897,-5.7350,29.1221,1.5255,10.3405,2.5635,0.6487,6.3169,18.4094,4.7869,4.5638,False,False,False,False,True,False,False
229,3509.5186,282.9611,359.7117,-1457.1315,-4.0941,28.0492,1.4146,9.7864,2.1393,0.7209,4.6042,14.5105,4.7355,4.4360,False,False,False,False,True,False,False
230,22610.4786,355.9239,346.0525,-21905.5183,-4.9462,27.0841,1.6410,9.9232,2.7519,0.6613,6.2784,19.2528,4.6035,4.9851,False,False,False,False,True,False,False
231,4725.2556,353.6246,522.7870,-1488.8574,-7.4682,43.6146,1.1985,10.6399,2.1409,1.0326,7.5884,15.7058,4.9920,4.6372,False,True,False,False,False,False,False
232,4299.0243,361.4977,361.7693,-1473.8210,-5.9137,28.1445,1.5602,10.3405,2.6153,0.6487,6.2699,18.7383,4.9218,4.5638,False,False,False,False,True,False,False
233,3028.2515,333.0758,462.4875,-797.2241,-5.0896,33.8485,1.3005,10.9850,2.1588,0.8333,6.0886,16.4665,4.9734,4.3039,True,False,False,False,True,False,False
234,4229.1136,406.0768,290.1015,-1248.8305,-2.9093,19.7692,2.0681,9.8303,3.4418,0.5004,6.1363,23.8038,4.6245,4.5904,False,False,False,False,True,True,False
235,4723.1980,374.0269,423.1952,-547.5936,-5.8800,35.1135,1.5115,9.5477,2.7306,0.9326,7.8492,18.2809,4.4943,4.6038,False,False,False,False,False,False,True
236,2551.8332,362.6466,410.2809,233.7457,-5.0769,30.7711,1.4927,10.7453,2.5888,0.7285,6.9445,19.6335,4.5286,4.8157,False,False,False,False,False,False,True
237,1943.8100,268.3403,314.0207,-342.4920,-2.9490,21.1547,1.5451,10.0649,2.1415,0.5436,3.5441,15.1218,4.4707,4.4703,False,False,False,False,True,False,False
238,2583.8621,386.0086,397.2215,446.3280,-5.2241,29.0217,1.5743,10.7560,2.7520,0.6910,7.1106,20.8692,4.6665,4.9693,False,False,False,False,False,False,True
239,2590.4354,314.9896,365.1608,1907.6346,-4.4338,26.0284,1.6086,9.8910,2.5888,0.7220,5.5496,18.0367,4.4931,4.8157,False,False,False,False,True,False,False
240,2127.6105,340.3360,410.6215,356.5807,-4.4756,27.1177,1.5569,10.7453,2.5888,0.7294,6.1200,19.5946,4.5286,4.8676,False,False,False,False,True,False,False
241,182352.0844,349.8720,421.0354,-181577.5535,-6.1620,35.0840,1.4289,9.8069,2.4936,0.8902,7.0748,16.7225,4.6345,4.9058,False,False,False,False,False,False,True
242,2653.1007,325.4091,376.2191,-771.7663,-4.1806,25.5033,1.4863,10.9269,2.3113,0.6076,5.0060,17.5289,5.1331,4.3429,False,False,False,False,True,False,False
243,4586.3336,352.6494,512.5089,-1434.2790,-7.2717,42.5570,1.2083,10.6399,2.1409,1.0076,7.4044,15.7058,4.9920,4.6372,False,True,False,False,False,False,False
244,3052.2504,405.2959,549.3502,-113.9854,-5.8441,43.8131,1.2580,11.1949,2.3927,1.0179,9.1609,18.4966,4.4433,4.3925,False,True,False,False,False,False,False
245,3234.1537,287.0432,348.9083,-539.3970,-4.2235,29.1795,1.3994,9.6209,2.1335,0.7125,4.7182,14.1480,5.0240,4.9329,False,False,False,False,True,False,False
246,7956.8477,424.9577,334.7589,-4498.4491,-4.2871,22.5837,2.0981,9.5636,3.7838,0.6782,7.8076,25.2404,4.8263,4.2595,True,False,False,False,False,True,False
247,2993.9528,269.1696,321.7499,-1239.9694,-3.2966,24.2438,1.4866,9.7397,2.1393,0.6135,3.9668,14.2598,4.7260,4.4336,False,False,False,False,True,False,False
248,3052.9243,272.8864,314.4655,-1227.2526,-3.7067,24.5635,1.4609,9.9601,2.1085,0.5597,4.0023,14.7337,4.8689,4.4620,False,False,False,False,True,False,False
249,4170.9311,416.2388,290.1015,-1190.4790,-2.9095,19.7707,2.0681,9.8303,3.4418,0.5004,6.1367,23.7996,4.6245,4.5987,False,False,False,False,True,True,False
250,6502.9563,437.4224,332.4248,-2889.3761,-4.6605,24.1301,1.9718,9.7531,3.5486,0.6443,7.7597,24.5603,4.6580,4.2787,False,False,False,False,False,False,True
251,1803.5125,361.4222,357.6685,109.9696,-3.1348,21.1726,1.7175,10.9945,2.6885,0.5444,5.1060,20.6752,4.6619,4.8552,False,False,False,False,True,False,False
252,3303.6587,364.6416,352.2488,-576.1081,-4.7860,24.1064,1.7239,10.2367,2.8402,0.6354,5.9534,20.1539,4.4932,4.5090,False,False,False,False,True,False,False
253,2819.1449,300.5516,390.4324,-609.0634,-4.7490,29.5052,1.3716,10.4093,2.1393,0.7209,5.0513,15.7013,4.7124,4.6201,False,False,False,False,True,False,False
254,6071.7835,298.7816,382.8401,-3803.2227,-4.7131,31.5540,1.4221,9.4877,2.2892,0.8296,5.5523,15.0820,4.9844,4.3044,False,False,False,False,True,False,False
255,4660.3526,376.4883,421.3643,-1670.1252,-6.4821,28.1716,1.6235,10.6094,2.8410,0.7778,7.1333,20.5675,5.0600,4.4078,False,False,False,False,False,False,True
256,3897.0822,362.3536,505.2869,-1113.7025,-6.4654,42.5150,1.2054,10.9850,2.1588,0.9411,7.6475,16.4586,4.9696,4.2745,True,True,False,False,False,False,False
257,2224.7986,278.2920,339.2462,-393.5972,-3.5953,24.5328,1.4558,10.1346,2.1085,0.6111,4.0448,14.9996,4.4707,4.4698,False,False,False,False,True,False,False
258,43317.8278,357.5058,350.2671,-42606.8821,-5.2979,27.5968,1.6307,9.9232,2.7519,0.6738,6.3972,19.2528,4.7290,4.9693,False,False,False,False,True,False,False
259,2828.8789,270.9838,338.7838,-966.5247,-3.4891,25.7338,1.4464,9.7864,2.1145,0.6589,4.1590,14.5822,4.6006,4.4360,False,False,False,False,True,False,False
260,2205.2631,314.0953,339.1624,-526.8051,-3.3309,20.5001,1.6353,10.9234,2.4074,0.4995,4.2477,17.9956,5.1680,4.8432,False,False,False,False,True,False,False
261,2527.7359,294.4548,290.1015,-681.9680,-2.9851,22.9536,1.5390,9.8303,2.2116,0.5004,3.9504,15.2924,4.6245,4.5904,False,False,False,False,True,False,False
262,5340.4173,354.5660,391.8819,-441.1024,-5.8301,36.4823,1.4560,9.3802,2.5938,0.8703,7.5254,17.1427,4.9480,4.8068,False,False,False,False,False,False,True
263,5625.5135,319.9739,474.7892,-2624.6009,-6.4381,39.5721,1.2501,9.8431,2.1103,1.0259,6.4037,14.2260,4.8733,4.5733,False,True,False,False,True,False,False
264,2682.0473,290.3170,330.6786,-800.4899,-4.0428,24.8093,1.4475,10.3146,2.1163,0.5597,4.1604,15.3144,4.8689,4.5628,False,False,False,False,True,False,False
265,4956.3369,353.0461,344.8018,-2175.5222,-5.5158,27.8598,1.5757,9.9861,2.6083,0.6487,6.0389,18.0472,4.9187,4.4713,False,False,False,False,True,False,False
266,8390.8315,421.4984,314.2141,-5269.5259,-5.6155,24.2191,1.9026,9.9495,3.3622,0.5605,7.3461,23.4270,5.1320,4.8407,False,False,False,False,False,False,True
267,2237.3901,383.9828,392.4985,82.7704,-4.0915,25.4789,1.6297,10.9945,2.7335,0.6441,6.2823,21.3348,4.6619,4.8342,False,False,False,False,True,False,False
268,2197.5401,379.1128,392.4985,82.0303,-4.0584,25.6205,1.6117,10.9945,2.6885,0.6441,6.1787,20.8542,4.6619,4.8342,False,False,False,False,True,False,False
269,2640.0014,340.9971,403.9331,-632.1780,-4.3026,27.8754,1.4626,11.1949,2.3927,0.6476,5.8285,18.9099,5.0891,4.3943,False,False,False,False,True,False,False
270,2692.4947,381.0560,470.5648,152.3134,-5.5443,34.8271,1.3955,10.9911,2.4936,0.8531,7.5957,19.0206,4.6847,4.8951,False,False,False,False,False,False,True
271,6295.8433,315.4050,399.7275,-3545.8561,-5.9965,31.6446,1.4392,9.7974,2.3733,0.8333,5.9699,15.9095,5.1714,4.3044,False,False,False,False,True,False,False
272,2634.0994,340.9971,403.9331,-623.9881,-4.3026,27.8754,1.4626,11.1949,2.3927,0.6476,5.8285,18.9473,5.0891,4.4243,False,False,False,False,True,False,False
273,203738.6392,335.2430,406.3631,-202993.6310,-5.7897,33.5861,1.4506,9.7864,2.4936,0.8531,6.7632,16.6875,4.6345,4.8951,False,False,False,False,False,False,True
274,2353.4878,333.1199,336.5287,-570.1941,-3.3712,19.7140,1.7278,10.9234,2.5966,0.4916,4.5184,19.4097,5.1680,4.8432,False,False,False,False,True,False,False
275,5700.7424,332.1448,403.3182,-2423.9520,-5.2828,39.0210,1.3427,9.3802,2.3341,0.9021,6.9931,15.4468,4.5946,4.5705,False,False,False,False,False,False,True
276,2624.0394,340.9971,403.9331,-609.7382,-4.3026,27.8754,1.4626,11.1949,2.3927,0.6476,5.8285,18.9473,5.0891,4.4723,False,False,False,False,True,False,False
277,2535.8613,290.7048,335.9833,-571.7375,-3.8383,26.9091,1.4138,10.0649,2.1085,0.6111,4.4158,14.9476,4.4707,4.3923,False,False,False,False,True,False,False
278,2308.8166,379.1128,392.4985,-6.1774,-4.1315,25.6205,1.6117,10.9945,2.6885,0.6441,6.1787,20.9830,4.7102,4.8342,False,False,False,False,True,False,False
279,2601.4687,267.4639,285.2060,-1035.4770,-2.2688,21.2449,1.5857,9.4141,2.1895,0.5431,3.5046,14.2888,4.6356,4.5942,False,False,False,False,True,False,False
280,3356.1718,276.7337,342.8348,-1418.5259,-3.7527,26.7570,1.4386,9.7397,2.1393,0.6776,4.3780,14.2598,4.7260,4.4360,False,False,False,False,True,False,False
281,3374.9649,279.0995,348.8361,-1364.6940,-3.9774,28.3969,1.3907,9.7864,2.0901,0.6889,4.5189,14.4578,4.7111,4.4360,False,False,False,False,True,False,False
282,4141.6521,365.9000,461.7897,-1364.7740,-6.4906,37.6085,1.3077,10.9815,2.3222,0.8319,7.4545,17.7080,5.1697,4.3058,False,False,False,False,False,False,True
283,162456.3456,334.5241,350.2671,-161768.8730,-4.4494,24.1728,1.7041,9.9232,2.7513,0.6738,5.6018,19.2485,4.6035,4.9641,False,False,False,False,True,False,False
284,20303.1551,420.9520,314.2141,19565.1214,-4.3673,24.2191,1.9026,9.9495,3.3622,0.5605,7.3461,23.2448,4.5279,4.9433,False,False,False,False,False,False,True
285,4240.3112,334.7485,323.8564,-1532.8210,-4.2626,29.1512,1.5361,9.6659,2.5268,0.6304,5.9247,16.6537,4.5954,4.5249,False,False,False,False,True,False,False
286,1941.5796,355.5538,414.1514,-125.4978,-3.3832,26.2640,1.5230,11.2272,2.4861,0.6710,5.7909,19.2908,4.4821,4.2082,False,False,False,False,True,False,False
287,4975.5833,314.6007,457.1406,-1964.2868,-6.1176,37.8242,1.2691,9.8431,2.1103,0.9806,6.1208,14.2260,4.8733,4.8309,False,True,False,False,True,False,False
288,3466.3079,283.6468,348.8361,-1408.0049,-4.0344,28.1565,1.4128,9.7864,2.1393,0.6889,4.6218,14.7650,4.7111,4.4360,False,False,False,False,True,False,False
289,3290.1183,288.6236,358.3735,-1150.1608,-4.4192,28.3402,1.4033,9.9855,2.1393,0.6889,4.7159,15.0655,4.7111,4.4360,False,False,False,False,True,False,False
290,6286.9297,350.1410,474.7993,-2438.2475,-6.8626,37.8092,1.4283,9.6639,2.5907,1.0513,7.9436,17.6510,4.6962,4.6574,False,False,False,False,False,False,True
291,1972.0249,312.5543,410.2809,189.0587,-4.1337,28.0258,1.4430,10.7453,2.3028,0.7285,5.4107,16.9831,4.5286,4.8184,False,False,False,False,True,False,False
292,3314.7039,342.8039,466.4920,-968.5831,-5.3995,33.0859,1.3546,11.0835,2.3000,0.8296,6.5168,17.7017,5.1371,4.2873,False,False,False,False,True,False,False
293,7189.8171,302.8047,377.0563,-5216.6075,-4.4756,31.1554,1.4620,9.3456,2.3733,0.8333,5.6947,15.4186,4.9972,4.3994,False,False,False,False,True,False,False
294,2956.3295,351.4082,425.7869,-758.9739,-4.8235,30.7210,1.4160,11.1949,2.3927,0.7071,6.4235,18.9473,5.0891,4.2976,False,False,False,False,True,False,False
295,1579.7465,337.2742,378.2310,31.0589,-2.8775,23.2364,1.5343,11.3414,2.3510,0.5549,4.7896,18.7745,4.7653,4.7934,False,False,False,False,True,False,False
296,8142.6394,426.9080,285.0218,-5121.4057,-2.5235,22.4227,2.0616,9.3990,3.6250,0.5447,7.2369,24.0157,4.8618,4.2500,True,False,False,False,False,True,False
297,5176.3516,332.0558,470.9104,-1872.6421,-6.3835,42.2463,1.2312,9.7689,2.1289,1.0265,6.8815,14.4167,4.6618,4.5797,False,True,False,False,False,False,False
298,8399.9262,369.7838,456.2186,-4421.7193,-8.3801,45.1975,1.2663,9.8373,2.3383,0.9790,8.3828,15.6947,4.9706,4.3890,False,True,False,False,False,False,False
299,2693.7379,285.8864,276.3892,-930.8371,-2.4449,22.6626,1.5570,9.5104,2.2116,0.5004,3.8145,14.8074,4.6245,4.5972,False,False,False,False,True,False,False
300,11359.1617,353.1936,391.4324,-9539.5660,-5.7769,36.3337,1.4583,9.3713,2.5938,0.8703,7.4900,17.2257,4.9480,4.5705,False,False,False,False,False,False,True
301,3501.0512,280.6641,360.1579,-1447.2121,-4.1119,28.0578,1.4142,9.7956,2.1393,0.7209,4.6086,14.5581,4.7355,4.4360,False,False,False,False,True,False,False
302,4894.4448,335.5856,325.1407,-2264.7917,-4.5392,29.1788,1.5347,9.6938,2.5268,0.6304,5.9419,16.7019,4.7497,4.5249,False,False,False,False,True,False,False
303,1503.1797,340.9313,387.3399,183.8169,-2.9360,24.4774,1.5091,11.3032,2.3510,0.5861,5.0334,18.1498,4.5926,4.8021,False,False,False,False,True,False,False
304,2105.1521,362.9629,425.7869,-58.3811,-3.8787,30.4355,1.4204,11.1949,2.3927,0.7071,6.3637,18.4966,4.4752,4.3943,False,False,False,False,True,False,False
305,3508.6274,283.6015,348.7071,-1474.5718,-4.0316,28.1408,1.4131,9.7864,2.1393,0.6885,4.6193,14.7650,4.7111,4.3276,False,False,False,False,True,False,False
306,2606.5116,287.2909,334.6332,-536.9524,-3.9585,27.7967,1.4076,10.0360,2.1306,0.6111,4.6163,15.1256,4.4707,4.4722,False,False,False,False,True,False,False
307,2564.0675,350.4939,405.3933,-568.3210,-4.2377,27.9826,1.4524,11.2234,2.3707,0.6476,5.7895,18.6664,5.0891,4.4703,False,False,False,False,True,False,False
308,2377.6730,319.8836,381.9407,-600.1968,-3.8233,25.1163,1.4874,11.1311,2.3113,0.5951,4.9944,17.7064,5.1331,4.3429,False,False,False,False,True,False,False
309,4889.9974,299.7570,382.8401,-2583.2018,-4.4210,31.5046,1.4266,9.4877,2.3000,0.8296,5.5785,14.9926,4.6934,4.3044,False,False,False,False,True,False,False
310,4876.0668,316.2370,437.5577,-1945.2076,-6.8829,35.7414,1.2923,10.2036,2.1385,0.8784,6.0327,15.1751,5.0148,4.6072,False,True,False,False,True,False,False
311,7190.6097,303.1443,377.0563,-5216.3812,-4.4756,31.1554,1.4620,9.3456,2.3733,0.8333,5.6947,15.4186,4.9972,4.3994,False,False,False,False,True,False,False
312,2211.7974,347.4963,414.5523,371.6162,-4.6174,27.2492,1.5755,10.7453,2.6523,0.7402,6.3513,20.0508,4.5286,4.8676,False,False,False,False,True,False,False
313,2222.9826,278.5253,339.2462,-387.9246,-3.6013,24.5740,1.4550,10.1346,2.1085,0.6111,4.0516,14.9996,4.4707,4.4753,False,False,False,False,True,False,False
314,2486.6215,290.2004,338.7598,-469.8924,-3.8910,27.2780,1.4074,10.0649,2.1085,0.6195,4.4763,14.8888,4.4595,4.4703,False,False,False,False,True,False,False
315,5077.9419,321.2493,451.5176,-2022.0138,-7.1655,37.2724,1.2722,10.2036,2.1320,0.9151,6.2657,15.1291,5.0048,4.5945,False,True,False,False,True,False,False
316,3561.6691,285.5211,359.7117,-1482.5889,-4.1287,27.9301,1.4267,9.7864,2.1667,0.7209,4.6634,14.6968,4.7355,4.4360,False,False,False,False,True,False,False
317,2199.0271,336.7612,410.2809,201.6078,-4.4218,27.0488,1.5491,10.7453,2.5615,0.7285,6.0185,19.3933,4.5307,4.8157,False,False,False,False,True,False,False
318,3201.1787,360.0126,377.9954,-864.6135,-4.8560,26.1904,1.5717,10.9234,2.5966,0.6132,6.0027,19.3082,5.1680,4.8432,False,False,False,False,True,False,False
319,2150.2239,276.7950,320.8063,-398.0505,-3.2878,23.6037,1.4769,10.0649,2.1085,0.5647,3.8734,14.8888,4.4707,4.4703,False,False,False,False,True,False,False
320,3326.1298,343.1009,466.4920,-969.0098,-5.3995,33.0859,1.3546,11.0835,2.3000,0.8296,6.5168,17.7921,5.1371,4.2855,False,False,False,False,True,False,False
321,2468.8939,296.2841,293.6587,-616.8117,-3.1174,22.9711,1.5357,9.9120,2.2116,0.5004,3.9756,15.2393,4.6245,4.5923,False,False,False,False,True,False,False
322,2516.1723,320.2027,354.8435,-652.7705,-3.8690,22.6913,1.5823,10.8794,2.4074,0.5524,4.6885,17.9102,5.1680,4.8432,False,False,False,False,True,False,False
323,1443.4109,329.3938,359.9066,35.0147,-2.5134,21.0222,1.5864,11.3414,2.3510,0.5020,4.3332,18.7808,4.7653,4.7934,False,False,False,False,True,False,False
324,2525.8257,266.2317,281.9534,-987.5701,-2.2019,20.7772,1.5971,9.4243,2.1895,0.5310,3.4300,14.3043,4.6358,4.5942,False,False,False,False,True,False,False
325,2290.5432,387.5255,393.4192,82.0860,-4.1977,26.0375,1.6182,10.9885,2.7335,0.6476,6.4175,21.3231,4.6617,4.8342,False,False,False,False,True,False,False
326,4295.7991,386.6551,539.1139,-1190.2507,-7.0165,42.7662,1.2681,11.1949,2.3927,0.9935,8.9420,18.9473,5.0891,4.4243,False,True,False,False,False,False,False
327,3270.8428,280.5776,348.5285,-1265.9836,-3.9674,26.2286,1.4338,9.8431,2.1103,0.6800,4.2444,14.2260,4.8733,4.8096,False,False,False,False,True,False,False
328,6397.5019,354.5438,376.1577,-3081.4967,-6.0247,36.3489,1.4274,9.6606,2.5268,0.7862,7.3849,16.6698,4.7333,4.5249,False,False,False,False,False,False,True
329,2692.9537,270.0157,329.3924,-898.2999,-3.3190,24.4828,1.4799,9.7956,2.1393,0.6291,4.0214,14.5366,4.5977,4.4360,False,False,False,False,True,False,False
330,2188.6870,312.8253,339.2114,-521.7865,-3.3228,20.6064,1.6243,10.9245,2.3859,0.4995,4.2192,18.3476,5.1680,4.8432,False,False,False,False,True,False,False
331,2197.0940,312.5974,334.8634,-535.2896,-3.2808,20.1526,1.6456,10.8962,2.4076,0.4904,4.1688,18.4945,5.1680,4.8432,False,False,False,False,True,False,False
332,5241.8159,329.0861,437.4666,-2112.6404,-7.1924,33.2726,1.4014,10.2019,2.3704,0.8784,6.4417,16.6521,5.0127,4.6253,False,False,False,False,True,False,False
333,2535.8613,290.7048,335.9833,-571.7375,-3.8383,26.9091,1.4138,10.0649,2.1085,0.6111,4.4158,14.9476,4.4707,4.3923,False,False,False,False,True,False,False
334,8055.8160,301.4054,413.9266,-6643.2722,-5.6074,34.0662,1.3323,9.7539,2.1550,0.8784,5.6342,14.6468,5.0643,4.8204,False,True,False,False,True,False,False
335,5947.1109,328.5513,474.7892,-2832.8316,-6.6463,39.0423,1.2843,9.8431,2.1974,1.0259,6.6680,14.8002,4.8733,4.4305,False,True,False,False,True,False,False
336,2523.5413,333.2704,403.9330,-593.6753,-4.1169,26.7217,1.4817,11.1949,2.3880,0.6476,5.5726,18.8378,5.0891,4.3943,False,False,False,False,True,False,False
337,4030.8082,353.3305,361.7693,-1197.0328,-5.6538,28.1277,1.5621,10.3405,2.6200,0.6487,6.2811,18.7712,4.7869,4.5472,False,False,False,False,True,False,False
338,6476.2280,340.0128,474.7892,-3080.1564,-7.2697,44.6839,1.2005,9.8431,2.1103,1.0259,7.2309,14.2260,4.8733,4.5733,False,True,False,False,False,False,False
339,2245.2712,273.8517,335.9833,-487.7250,-3.4062,23.8795,1.4712,10.0649,2.1085,0.6111,3.9186,14.9476,4.4707,4.3923,False,False,False,False,True,False,False
340,4953.8963,317.3743,437.5577,-1980.2243,-6.9350,35.6288,1.3004,10.2036,2.1588,0.8784,6.0901,15.3195,5.0148,4.6072,False,True,False,False,True,False,False
341,2966.8852,330.5919,464.0119,-766.7459,-5.0333,33.8941,1.2979,11.0128,2.1550,0.8333,6.0933,16.4797,4.9696,4.3039,True,False,False,False,True,False,False
342,3003.0792,352.6314,433.9747,-746.8843,-4.9526,31.3776,1.4060,11.1949,2.3927,0.7290,6.5607,18.9473,5.0891,4.4230,False,False,False,False,True,False,False
343,3041.9567,271.0198,332.4092,-1222.1372,-3.5055,24.8837,1.4722,9.7864,2.1393,0.6396,4.0846,14.7617,4.7260,4.4373,False,False,False,False,True,False,False
344,2084.6571,337.8040,389.2567,-350.4497,-3.5502,24.5017,1.5074,11.3414,2.3510,0.5861,5.0504,18.7718,5.1791,4.8021,False,False,False,False,True,False,False
345,3859.0625,368.0475,360.9942,-992.0114,-5.6098,29.1080,1.5263,10.3245,2.5635,0.6487,6.3071,18.3379,4.7108,4.5638,False,False,False,False,True,False,False
346,4069.6304,365.6826,361.7693,-1181.6766,-5.7557,29.0650,1.5315,10.3405,2.5786,0.6487,6.3542,18.5181,4.7869,4.5638,False,False,False,False,True,False,False
347,1988.6910,350.7608,392.4985,71.2051,-3.8445,26.5137,1.5050,10.9945,2.4258,0.6441,5.5750,18.9330,4.6619,4.8342,False,False,False,False,True,False,False
348,2949.8506,339.0644,465.6993,-531.0323,-5.3708,35.7181,1.2680,11.0270,2.1335,0.8356,6.3419,16.3136,5.0602,4.9329,True,False,False,False,True,False,False
349,4420.3438,281.9047,346.1397,-2523.8731,-3.9070,27.6308,1.4358,9.5790,2.1588,0.7102,4.5251,14.3590,4.9734,4.3039,False,False,False,False,True,False,False
350,3527.6525,280.5765,359.9867,-1463.0276,-4.1051,28.0545,1.4143,9.7921,2.1393,0.7209,4.6069,14.5145,4.7355,4.4360,False,False,False,False,True,False,False
351,2515.0914,290.7931,336.1487,-561.7015,-3.8441,26.9121,1.4136,10.0685,2.1085,0.6111,4.4173,14.9528,4.4707,4.3923,False,False,False,False,True,False,False
352,1815.5104,362.8347,357.6685,108.4208,-3.1348,21.1726,1.7175,10.9945,2.6885,0.5444,5.1060,20.6752,4.6619,4.8552,False,False,False,False,True,False,False
353,3353.3649,275.9872,342.8348,-1419.0437,-3.7641,26.8382,1.4371,9.7397,2.1393,0.6776,4.3913,14.2598,4.7260,4.4360,False,False,False,False,True,False,False
354,4383.8274,365.6120,364.2201,-1492.7706,-6.0050,29.1665,1.5230,10.3910,2.5635,0.6487,6.3477,18.4555,4.9630,4.6229,False,False,False,False,True,False,False
355,4342.1437,322.1908,437.5577,-1382.6841,-6.5649,35.4329,1.3148,10.2036,2.1947,0.8784,6.1912,15.6047,4.7895,4.5662,False,False,False,False,True,False,False
356,1796.9038,369.1348,390.0500,59.3788,-3.2196,23.8062,1.6076,11.3403,2.5944,0.5885,5.5955,20.1089,4.7469,4.8023,False,False,False,False,True,False,False
357,2005.5414,315.5988,409.4069,183.8566,-4.1660,27.7635,1.4623,10.7453,2.3454,0.7261,5.4928,17.7401,4.5286,4.8155,False,False,False,False,True,False,False
358,2234.2898,280.7190,340.6290,-384.0745,-3.6555,24.4401,1.4644,10.1641,2.1286,0.6111,4.0890,15.1868,4.4707,4.4709,False,False,False,False,True,False,False
359,1815.8272,358.8243,356.2514,100.4718,-3.1625,21.2372,1.7101,10.9651,2.6695,0.5444,5.0641,20.4746,4.6619,4.8540,False,False,False,False,True,False,False
360,3924.1925,364.5739,361.7693,-1130.0794,-5.6477,28.1445,1.5602,10.3405,2.6153,0.6487,6.2699,18.7503,4.7869,4.5638,False,False,False,False,True,False,False
361,1883.8288,262.3042,314.0207,-328.6024,-2.9009,21.3691,1.5143,10.0649,2.0777,0.5436,3.4385,14.6712,4.4707,4.4703,False,False,False,False,True,False,False
362,3923.1326,364.9551,361.7693,-1129.1122,-5.6477,28.1445,1.5602,10.3405,2.6153,0.6487,6.2699,18.7376,4.7869,4.5638,False,False,False,False,True,False,False
363,4010.0078,352.5176,361.7693,-1176.8660,-5.6477,28.1445,1.5602,10.3405,2.6153,0.6487,6.2699,18.7376,4.7869,4.5632,False,False,False,False,True,False,False
364,3842.0176,350.2048,353.1652,-1115.0866,-5.3802,27.1517,1.5790,10.3405,2.6153,0.6235,6.0487,18.7376,4.7869,4.5638,False,False,False,False,True,False,False
365,3380.0355,279.0995,348.8361,-1372.1036,-3.9774,28.3969,1.3907,9.7864,2.0901,0.6889,4.5189,14.4578,4.7111,4.4261,False,False,False,False,True,False,False
366,3134.3477,338.0533,462.4875,-834.3773,-5.2088,33.4676,1.3303,10.9850,2.2333,0.8333,6.2989,17.0358,4.9696,4.3039,False,False,False,False,True,False,False
367,2922.6353,296.5179,370.5263,-860.0286,-4.4702,26.8164,1.4413,10.3069,2.1996,0.6788,4.7320,15.6270,4.6770,4.2221,False,False,False,False,True,False,False
368,4657.2627,315.7492,443.1064,-1860.5576,-6.6429,34.6729,1.3080,10.3074,2.1550,0.8784,5.9540,15.4780,5.0670,4.4412,False,True,False,False,True,False,False
369,4869.0036,336.8480,335.4513,-2154.8000,-4.7618,27.6547,1.5891,9.7870,2.6153,0.6487,5.9343,17.7345,4.7869,4.5638,False,False,False,False,True,False,False
370,3238.7568,286.9975,348.8239,-546.0380,-4.2194,29.1778,1.3994,9.6191,2.1335,0.7125,4.7173,14.1454,5.0240,4.9329,False,False,False,False,True,False,False
371,2654.6937,289.0729,330.7608,-789.4225,-4.0053,24.5912,1.4517,10.3164,2.1163,0.5597,4.1243,15.3170,4.8689,4.5628,False,False,False,False,True,False,False
372,4808.6631,319.8983,437.5947,-1829.4185,-6.8936,36.0151,1.2945,10.2043,2.1550,0.8784,6.1420,15.3232,4.9655,4.6253,False,True,False,False,True,False,False
373,3936.7914,365.0433,361.7356,-1134.7891,-5.6640,28.2197,1.5589,10.3398,2.6153,0.6487,6.2863,18.7363,4.7869,4.5638,False,False,False,False,True,False,False
374,4751.5987,318.2531,437.5577,-1801.2619,-6.8248,35.6490,1.2989,10.2036,2.1550,0.8784,6.0793,15.3221,4.9655,4.6325,False,True,False,False,True,False,False
375,3359.0577,276.6664,342.8348,-1420.2167,-3.7556,26.7776,1.4382,9.7397,2.1393,0.6776,4.3814,14.2598,4.7260,4.4360,False,False,False,False,True,False,False
376,2834.4666,277.5387,323.1053,-459.5785,-3.6352,25.9830,1.4546,9.6209,2.1337,0.6345,4.2017,14.4631,5.0240,4.9329,False,False,False,False,True,False,False
377,3453.1210,284.5596,348.8361,-1399.2177,-3.9931,27.3556,1.4417,9.7864,2.1807,0.6889,4.6067,14.7245,4.7111,4.4360,False,False,False,False,True,False,False
378,2477.2891,326.2174,381.9407,-635.6255,-3.9836,26.1690,1.4672,11.1311,2.3113,0.5951,5.2037,17.7064,5.1331,4.3429,False,False,False,False,True,False,False
379,2834.0158,344.5697,425.7869,-716.3705,-4.6291,29.4825,1.4355,11.1949,2.3927,0.7071,6.1645,18.9473,5.0891,4.2976,False,False,False,False,True,False,False
380,5605.1014,321.2216,450.5450,-2591.1706,-5.4052,41.6638,1.2453,9.4157,2.1231,1.0238,6.5971,13.8475,4.6356,4.5797,False,True,False,False,True,False,False
381,2223.3752,339.9281,410.2809,209.2544,-4.4534,26.9316,1.5626,10.7453,2.5950,0.7285,6.0974,19.6554,4.5286,4.8157,False,False,False,False,True,False,False
382,1829.8852,364.5358,357.6685,113.0233,-3.1881,21.5389,1.7077,10.9945,2.6885,0.5444,5.1944,20.6752,4.6612,4.8552,False,False,False,False,True,False,False
383,3512.2988,280.4356,359.7117,-1463.1046,-4.0949,28.0492,1.4146,9.7864,2.1393,0.7209,4.6042,14.5444,4.7363,4.4360,False,False,False,False,True,False,False
384,4702.4220,334.7398,323.8431,-1995.4503,-4.4537,29.1509,1.5361,9.6656,2.5268,0.6304,5.9245,16.6555,4.7412,4.6593,False,False,False,False,True,False,False
385,3190.4763,280.4428,359.7256,-1156.2755,-3.9301,28.0494,1.4146,9.7867,2.1393,0.7209,4.6044,14.5430,4.5898,4.3649,False,False,False,False,True,False,False
386,3986.0952,352.9814,361.7693,-1142.8639,-5.6477,28.1445,1.5602,10.3405,2.6153,0.6487,6.2699,18.7598,4.7869,4.5912,False,False,False,False,True,False,False
387,2717.7373,305.0355,289.8889,-809.9210,-3.0195,22.5506,1.5892,9.8254,2.3178,0.5004,4.1302,16.0003,4.6245,4.5464,False,False,False,False,True,False,False
388,2958.5994,333.4435,462.4875,-692.8441,-5.0955,33.8303,1.3019,10.9850,2.1622,0.8333,6.0984,16.4827,4.9734,4.5629,True,False,False,False,True,False,False
389,4064.1765,364.2089,361.7693,-1334.7459,-5.6432,28.1569,1.5589,10.3405,2.6119,0.6487,6.2616,18.7129,4.7869,4.3048,False,False,False,False,True,False,False
390,2786.6845,262.9664,284.8972,-1339.7501,-2.2952,22.0608,1.5321,9.4141,2.1051,0.5421,3.4533,13.7376,4.6356,4.3342,False,False,False,False,True,False,False
391,3515.3443,283.0788,360.0594,-1459.9639,-4.1013,28.0887,1.4139,9.7864,2.1393,0.7220,4.6107,14.5105,4.7355,4.4360,False,False,False,False,True,False,False
392,2055.5263,272.4339,324.7919,-360.5967,-3.2629,22.7825,1.4905,10.1346,2.1044,0.5671,3.7465,14.9702,4.4707,4.4595,False,False,False,False,True,False,False
393,2203.7882,340.0187,410.2809,236.1290,-4.4525,26.9344,1.5623,10.7453,2.5942,0.7285,6.0955,19.6354,4.5286,4.8260,False,False,False,False,True,False,False
394,2240.3595,358.8376,414.5110,-333.8122,-3.7840,26.7704,1.5133,11.2272,2.4861,0.6720,5.9026,19.2742,4.7373,4.2312,False,False,False,False,True,False,False
395,2481.8733,293.4750,381.7631,-245.3928,-4.5058,28.8372,1.3874,10.2361,2.1393,0.7209,4.8804,15.4530,4.4707,4.6053,False,False,False,False,True,False,False
396,3000.1361,351.4082,425.7869,-793.7790,-4.8751,30.7210,1.4160,11.1949,2.3927,0.7071,6.4235,18.9473,5.1224,4.2987,False,False,False,False,True,False,False
397,2710.9981,259.6329,285.2060,-1296.2768,-2.2419,21.5253,1.5447,9.4141,2.1051,0.5431,3.3695,13.7376,4.6356,4.3332,False,False,False,False,True,False,False
398,4844.0191,346.4218,330.6574,-1918.3042,-4.6899,29.6621,1.5565,9.6806,2.6160,0.6492,6.3205,17.2366,4.6927,4.6151,False,False,False,False,True,False,False
399,1809.3674,361.0054,356.9610,112.9517,-3.1501,21.1641,1.7183,10.9798,2.6885,0.5444,5.0992,20.7710,4.6619,4.8599,False,False,False,False,True,False,False
400,3095.0836,339.8759,408.1760,-861.7896,-4.8495,27.6225,1.4852,10.7627,2.4062,0.7203,5.6610,18.0422,4.9450,4.4181,False,False,False,False,True,False,False
401,2008.1121,297.4397,336.1324,-463.5099,-3.1034,20.0635,1.6002,10.9234,2.2857,0.4904,3.8794,17.6027,5.1673,4.8474,False,False,False,False,True,False,False
