id,Resistance,Rv,Ri,Rr,Rincli,Comfort,LWL,BWL,Draft,Displacement,AWP,LCB,LCF,best,constraint1,constraint2,constraint3,constraint4,valid
1,1440.6313,294.6416,275.3339,856.7467,13.9091,0.1335,10.0869,2.6751,0.4875,3.3278,27.6339,4.1988,4.0265,-1229.3687,False,False,False,False,True
2,1440.6313,294.6416,275.3339,856.7467,13.9091,0.1335,10.0869,2.6751,0.4875,3.3278,27.6339,4.1988,4.0265,-1229.3687,False,False,False,False,True
3,2030.8146,299.2951,277.8841,1432.1912,21.4442,0.1908,10.6499,2.8719,0.6357,5.4248,35.2358,4.8058,4.0065,-1785.1854,False,False,False,False,True
4,2030.8146,299.2951,277.8841,1432.1912,21.4442,0.1908,10.6499,2.8719,0.6357,5.4248,35.2358,4.8058,4.0065,-1785.1854,False,False,False,False,True
5,1612.1535,307.0625,289.8732,998.5667,16.6510,0.1940,10.6981,2.5444,0.7829,4.7103,23.4149,4.0967,4.0927,-2267.8465,False,False,False,False,True
6,1612.1535,307.0625,289.8732,998.5667,16.6510,0.1940,10.6981,2.5444,0.7829,4.7103,23.4149,4.0967,4.0927,-2267.8465,False,False,False,False,True
7,4781.7800,300.0738,284.9415,4154.5020,42.2627,0.3951,10.8475,2.9660,0.6919,11.8784,28.4057,4.3785,4.9731,-3120.2200,False,False,False,False,True
8,4781.7800,300.0738,284.9415,4154.5020,42.2627,0.3951,10.8475,2.9660,0.6919,11.8784,28.4057,4.3785,4.9731,-3120.2200,False,False,False,False,True
9,3966.0070,300.0046,281.4520,3343.9269,40.6236,0.2853,10.5520,3.3270,0.7447,9.8037,29.4338,4.0458,4.7046,-1739.9930,False,False,False,False,True
10,3966.0070,300.0046,281.4520,3343.9269,40.6236,0.2853,10.5520,3.3270,0.7447,9.8037,29.4338,4.0458,4.7046,-1739.9930,False,False,False,False,True
11,1739.1541,297.6499,278.1248,1146.8550,16.5243,0.1720,10.2279,2.4630,0.4931,3.8777,17.5250,4.6357,4.2780,-1700.8459,False,False,False,False,True
12,1739.1541,297.6499,278.1248,1146.8550,16.5243,0.1720,10.2279,2.4630,0.4931,3.8777,17.5250,4.6357,4.2780,-1700.8459,False,False,False,False,True
13,2276.8399,296.2617,279.4965,1679.1325,21.9492,0.2178,10.3648,2.5923,0.5068,5.3046,38.4164,4.6091,4.6480,-2079.1601,False,False,False,False,True
14,2276.8399,296.2617,279.4965,1679.1325,21.9492,0.2178,10.3648,2.5923,0.5068,5.3046,38.4164,4.6091,4.6480,-2079.1601,False,False,False,False,True
15,2226.3628,292.4329,268.7519,1641.8759,23.3021,0.1529,10.1711,3.1666,0.5518,4.7974,39.7381,4.5569,4.6400,-831.6372,False,False,False,True,False
16,2226.3628,292.4329,268.7519,1641.8759,23.3021,0.1529,10.1711,3.1666,0.5518,4.7974,39.7381,4.5569,4.6400,-831.6372,False,False,False,True,False
17,4121.7560,282.0446,290.8303,3500.3427,48.5385,0.3300,10.6846,3.3486,0.4916,11.5360,15.8025,4.2677,4.3155,-2478.2440,False,False,False,True,False
18,4121.7560,282.0446,290.8303,3500.3427,48.5385,0.3300,10.6846,3.3486,0.4916,11.5360,15.8025,4.2677,4.3155,-2478.2440,False,False,False,True,False
19,4084.2816,282.5232,287.2218,3470.8418,43.6948,0.2843,10.5520,3.3486,0.4916,9.8548,15.8025,4.2677,4.7063,-1601.7184,False,False,False,True,False
20,4084.2816,282.5232,287.2218,3470.8418,43.6948,0.2843,10.5520,3.3486,0.4916,9.8548,15.8025,4.2677,4.7063,-1601.7184,False,False,False,True,False
21,3878.9033,299.4963,284.9879,3249.4083,45.0108,0.3314,10.6846,3.3270,0.7447,11.4850,29.4338,4.0458,4.3138,-2749.0967,False,False,False,False,True
22,3878.9033,299.4963,284.9879,3249.4083,45.0108,0.3314,10.6846,3.3270,0.7447,11.4850,29.4338,4.0458,4.3138,-2749.0967,False,False,False,False,True
23,1458.3298,296.2617,279.4965,868.5857,13.9858,0.1388,10.3648,2.5923,0.5068,3.3800,38.4704,4.6091,4.0264,-1317.6702,False,False,False,True,False
24,1458.3298,296.2617,279.4965,868.5857,13.9858,0.1388,10.3648,2.5923,0.5068,3.3800,38.4704,4.6091,4.0264,-1317.6702,False,False,False,True,False
25,2484.9414,294.6416,275.3339,1893.0125,21.9534,0.2107,10.0869,2.6751,0.4875,5.2524,27.5789,4.1988,4.6497,-1729.0586,False,False,False,False,True
26,2484.9414,294.6416,275.3339,1893.0125,21.9534,0.2107,10.0869,2.6751,0.4875,5.2524,27.5789,4.1988,4.6497,-1729.0586,False,False,False,False,True
27,2177.6570,292.4673,268.7519,1593.9711,22.4667,0.1499,10.1711,3.1641,0.5518,4.6971,39.7381,4.3773,4.6400,-820.3430,False,False,False,True,False
28,2177.6570,292.4673,268.7519,1593.9711,22.4667,0.1499,10.1711,3.1641,0.5518,4.6971,39.7381,4.3773,4.6400,-820.3430,False,False,False,True,False
29,4794.0990,300.0501,284.9415,4165.8090,43.2985,0.3980,10.8475,2.9685,0.6919,11.9788,28.4057,4.5582,4.9731,-3165.9010,False,False,False,False,True
30,4794.0990,300.0501,284.9415,4165.8090,43.2985,0.3980,10.8475,2.9685,0.6919,11.9788,28.4057,4.5582,4.9731,-3165.9010,False,False,False,False,True
31,1628.9939,307.2462,288.6000,1016.1324,17.0153,0.1946,10.6511,2.5444,0.7829,4.7103,34.8290,4.0967,4.0927,-2263.0061,False,False,False,False,True
32,1628.9939,307.2462,288.6000,1016.1324,17.0153,0.1946,10.6511,2.5444,0.7829,4.7103,34.8290,4.0967,4.0927,-2263.0061,False,False,False,False,True
33,2005.1762,299.1162,279.1102,1405.9515,20.9983,0.1902,10.6969,2.8719,0.6357,5.4248,23.8216,4.8058,4.0065,-1798.8238,False,False,False,False,True
34,2005.1762,299.1162,279.1102,1405.9515,20.9983,0.1902,10.6969,2.8719,0.6357,5.4248,23.8216,4.8058,4.0065,-1798.8238,False,False,False,False,True
35,1808.5854,299.2988,277.9181,1211.2392,20.1293,0.1908,10.6511,2.8719,0.6359,5.4248,35.2494,4.1047,4.0064,-2007.4146,False,False,False,False,True
36,1808.5854,299.2988,277.9181,1211.2392,20.1293,0.1908,10.6511,2.8719,0.6359,5.4248,35.2494,4.1047,4.0064,-2007.4146,False,False,False,False,True
37,1805.2076,307.2463,288.5394,1191.2648,18.1570,0.1946,10.6499,2.5444,0.7827,4.7103,34.8154,4.7979,4.0929,-2086.7924,False,False,False,False,True
38,1805.2076,307.2463,288.5394,1191.2648,18.1570,0.1946,10.6499,2.5444,0.7827,4.7103,34.8154,4.7979,4.0929,-2086.7924,False,False,False,False,True
39,2200.5189,298.0146,279.5717,1601.5037,21.4289,0.2340,10.3626,2.4627,0.5059,5.3231,17.5250,4.6357,4.2782,-2479.4811,False,False,False,False,True
40,2200.5189,298.0146,279.5717,1601.5037,21.4289,0.2340,10.3626,2.4627,0.5059,5.3231,17.5250,4.6357,4.2782,-2479.4811,False,False,False,False,True
41,1797.9761,295.8277,278.0333,1207.2137,16.9013,0.1599,10.2301,2.5926,0.4940,3.8592,38.4164,4.6091,4.6478,-1400.0239,False,False,False,True,False
42,1797.9761,295.8277,278.0333,1207.2137,16.9013,0.1599,10.2301,2.5926,0.4940,3.8592,38.4164,4.6091,4.6478,-1400.0239,False,False,False,True,False
43,2227.3700,289.8955,272.1042,1641.8759,23.4944,0.1529,10.1711,3.1666,0.5217,4.7974,39.7381,4.5569,4.6400,-830.6300,False,False,False,True,False
44,2227.3700,289.8955,272.1042,1641.8759,23.4944,0.1529,10.1711,3.1666,0.5217,4.7974,39.7381,4.5569,4.6400,-830.6300,False,False,False,True,False
45,1984.3441,307.3765,288.2853,1366.9103,21.7719,0.2498,10.6395,2.5331,0.7829,6.0073,33.3671,4.0967,4.0070,-3011.6559,False,False,False,False,True
46,1984.3441,307.3765,288.2853,1366.9103,21.7719,0.2498,10.6395,2.5331,0.7829,6.0073,33.3671,4.0967,4.0070,-3011.6559,False,False,False,False,True
47,1902.9310,301.4300,290.3695,1296.0976,15.0338,0.2601,10.6510,2.0516,0.4893,4.7283,34.8737,4.8922,4.7835,-3299.0690,True,False,False,False,False
48,1902.9310,301.4300,290.3695,1296.0976,15.0338,0.2601,10.6510,2.0516,0.4893,4.7283,34.8737,4.8922,4.7835,-3299.0690,True,False,False,False,False
49,1441.2496,294.2061,276.3117,856.8130,13.9187,0.1335,10.0858,2.6751,0.4822,3.3278,27.6339,4.1988,4.0265,-1228.7504,False,False,False,False,True
50,1441.2496,294.2061,276.3117,856.8130,13.9187,0.1335,10.0858,2.6751,0.4822,3.3278,27.6339,4.1988,4.0265,-1228.7504,False,False,False,False,True
51,4835.0599,299.7582,284.3672,4208.3626,42.5720,0.4012,10.8475,2.9546,0.6816,12.0017,28.4057,4.3784,4.9731,-3188.9401,False,False,False,False,True
52,4835.0599,299.7582,284.3672,4208.3626,42.5720,0.4012,10.8475,2.9546,0.6816,12.0017,28.4057,4.3784,4.9731,-3188.9401,False,False,False,False,True
53,1693.2007,298.2108,276.3456,1102.5781,16.0662,0.1657,10.2279,2.4744,0.5034,3.7586,17.5250,4.6358,4.2780,-1620.7993,False,False,False,False,True
54,1693.2007,298.2108,276.3456,1102.5781,16.0662,0.1657,10.2279,2.4744,0.5034,3.7586,17.5250,4.6358,4.2780,-1620.7993,False,False,False,False,True
55,1469.6499,309.7291,272.5164,873.1045,14.2998,0.1486,10.0576,2.5331,0.7829,3.4386,27.7214,4.0967,4.0262,-1502.3501,False,False,False,False,True
56,1469.6499,309.7291,272.5164,873.1045,14.2998,0.1486,10.0576,2.5331,0.7829,3.4386,27.7214,4.0967,4.0262,-1502.3501,False,False,False,False,True
57,1957.8012,292.4081,291.2295,1353.1225,21.0411,0.2276,10.6693,2.6751,0.4875,5.8967,33.2796,4.1988,4.0073,-2594.1988,False,False,False,False,True
58,1957.8012,292.4081,291.2295,1353.1225,21.0411,0.2276,10.6693,2.6751,0.4875,5.8967,33.2796,4.1988,4.0073,-2594.1988,False,False,False,False,True
59,1988.7697,307.4502,288.2819,1371.3028,21.7348,0.2511,10.6394,2.5232,0.7829,6.0073,33.3671,4.0967,4.0307,-3033.2303,False,False,False,False,True
60,1988.7697,307.4502,288.2819,1371.3028,21.7348,0.2511,10.6394,2.5232,0.7829,6.0073,33.3671,4.0967,4.0307,-3033.2303,False,False,False,False,True
61,2341.8663,301.4948,290.0563,1731.0573,19.2579,0.3320,10.6396,2.0501,0.4893,6.0253,33.4118,4.8922,4.6588,-4298.1337,True,False,False,False,False
62,2341.8663,301.4948,290.0563,1731.0573,19.2579,0.3320,10.6396,2.0501,0.4893,6.0253,33.4118,4.8922,4.6588,-4298.1337,True,False,False,False,False
63,4142.7585,300.3545,282.3892,3516.4056,43.6092,0.2853,10.5520,3.3270,0.7535,9.8037,29.4338,4.8807,4.7046,-1563.2415,False,False,False,False,True
64,4142.7585,300.3545,282.3892,3516.4056,43.6092,0.2853,10.5520,3.3270,0.7535,9.8037,29.4338,4.8807,4.7046,-1563.2415,False,False,False,False,True
65,2225.7283,301.1279,291.8688,1615.3209,17.4107,0.3342,10.6394,2.0400,0.4804,6.0253,33.4118,4.0584,4.6767,-4458.2717,True,False,False,False,False
66,2225.7283,301.1279,291.8688,1615.3209,17.4107,0.3342,10.6394,2.0400,0.4804,6.0253,33.4118,4.0584,4.6767,-4458.2717,True,False,False,False,False
67,1419.0458,283.7733,275.6011,843.7671,15.9043,0.0974,10.0678,3.3245,0.4834,3.2370,29.2796,4.1988,4.0265,-528.9542,False,False,False,True,False
68,1419.0458,283.7733,275.6011,843.7671,15.9043,0.0974,10.0678,3.3245,0.4834,3.2370,29.2796,4.1988,4.0265,-528.9542,False,False,False,True,False
69,3923.6964,305.6153,282.3894,3298.1687,37.5230,0.3851,10.5712,2.6776,0.7488,9.9265,27.7880,4.0458,4.7046,-3778.3036,False,False,False,False,True
70,3923.6964,305.6153,282.3894,3298.1687,37.5230,0.3851,10.5712,2.6776,0.7488,9.9265,27.7880,4.0458,4.7046,-3778.3036,False,False,False,False,True
71,2136.7069,299.3069,277.8037,1538.1227,21.4736,0.1908,10.6468,2.8719,0.6357,5.4248,35.2358,4.8058,4.6932,-1679.2931,False,False,False,False,True
72,2136.7069,299.3069,277.8037,1538.1227,21.4736,0.1908,10.6468,2.8719,0.6357,5.4248,35.2358,4.8058,4.6932,-1679.2931,False,False,False,False,True
73,3322.0374,299.9927,281.5342,2699.9388,40.5718,0.2852,10.5551,3.3270,0.7447,9.8037,29.4338,4.0458,4.0245,-2381.9626,False,False,False,False,True
74,3322.0374,299.9927,281.5342,2699.9388,40.5718,0.2852,10.5551,3.3270,0.7447,9.8037,29.4338,4.0458,4.0245,-2381.9626,False,False,False,False,True
75,1628.8911,307.0625,289.8732,1015.1673,16.7880,0.1940,10.6981,2.5444,0.7829,4.7103,24.4816,4.1828,4.0849,-2251.1089,False,False,False,False,True
76,1628.8911,307.0625,289.8732,1015.1673,16.7880,0.1940,10.6981,2.5444,0.7829,4.7103,24.4816,4.1828,4.0849,-2251.1089,False,False,False,False,True
77,2047.8750,304.8436,289.0390,1432.0377,21.9548,0.1908,10.6501,2.8719,0.7864,5.4248,35.2764,4.8058,4.0070,-1768.1250,False,False,False,False,True
78,2047.8750,304.8436,289.0390,1432.0377,21.9548,0.1908,10.6501,2.8719,0.7864,5.4248,35.2764,4.8058,4.0070,-1768.1250,False,False,False,False,True
79,1968.2618,302.6682,277.5944,1367.0042,20.9952,0.2498,10.6393,2.5331,0.6321,6.0073,33.3265,4.0967,4.0065,-3027.7382,False,False,False,False,True
80,1968.2618,302.6682,277.5944,1367.0042,20.9952,0.2498,10.6393,2.5331,0.6321,6.0073,33.3265,4.0967,4.0065,-3027.7382,False,False,False,False,True
81,1640.0234,307.2462,288.6000,1027.1619,17.0153,0.1946,10.6511,2.5444,0.7829,4.7103,34.8290,4.0967,4.1574,-2251.9766,False,False,False,False,True
82,1640.0234,307.2462,288.6000,1027.1619,17.0153,0.1946,10.6511,2.5444,0.7829,4.7103,34.8290,4.0967,4.1574,-2251.9766,False,False,False,False,True
83,1986.8056,310.9415,288.2834,1368.1853,19.3954,0.3350,10.6395,2.0375,0.7829,6.0305,33.3445,4.0967,4.0927,-4713.1944,True,False,False,False,False
84,1986.8056,310.9415,288.2834,1368.1853,19.3954,0.3350,10.6395,2.0375,0.7829,6.0305,33.3445,4.0967,4.0927,-4713.1944,True,False,False,False,False
85,1880.9081,294.5193,290.3714,1278.5667,17.4507,0.1941,10.6511,2.5473,0.4893,4.7050,34.8963,4.8922,4.6767,-2001.0919,False,False,False,False,True
86,1880.9081,294.5193,290.3714,1278.5667,17.4507,0.1941,10.6511,2.5473,0.4893,4.7050,34.8963,4.8922,4.6767,-2001.0919,False,False,False,False,True
87,1827.9879,301.2968,278.0158,1229.2177,19.4576,0.2093,10.6553,2.6693,0.6339,5.4011,27.2289,4.1988,4.0265,-2358.0121,False,False,False,False,True
88,1827.9879,301.2968,278.0158,1229.2177,19.4576,0.2093,10.6553,2.6693,0.6339,5.4011,27.2289,4.1988,4.0265,-2358.0121,False,False,False,False,True
89,1566.9354,291.6975,274.8449,985.0315,15.3614,0.1221,10.0816,2.8776,0.4893,3.3516,35.6408,4.8058,4.0065,-875.0646,False,False,False,True,False
90,1566.9354,291.6975,274.8449,985.0315,15.3614,0.1221,10.0816,2.8776,0.4893,3.3516,35.6408,4.8058,4.0065,-875.0646,False,False,False,True,False
91,1643.0225,307.2875,288.3145,1030.3089,17.1115,0.1949,10.6406,2.5444,0.7829,4.7141,23.4149,4.0967,4.0927,-2254.9775,False,False,False,False,True
92,1643.0225,307.2875,288.3145,1030.3089,17.1115,0.1949,10.6406,2.5444,0.7829,4.7141,23.4149,4.0967,4.0927,-2254.9775,False,False,False,False,True
93,2293.6676,301.4074,291.6212,1682.0215,18.6175,0.3327,10.6970,2.0400,0.4893,6.0215,33.4118,4.8922,4.6767,-4360.3324,True,False,False,False,False
94,2293.6676,301.4074,291.6212,1682.0215,18.6175,0.3327,10.6970,2.0400,0.4893,6.0215,33.4118,4.8922,4.6767,-4360.3324,True,False,False,False,False
95,2007.3182,307.3765,288.2853,1389.6070,22.0494,0.2530,10.6395,2.5331,0.7829,6.0838,33.3671,4.0967,4.0116,-3052.6818,False,False,False,False,True
96,2007.3182,307.3765,288.2853,1389.6070,22.0494,0.2530,10.6395,2.5331,0.7829,6.0838,33.3671,4.0967,4.0116,-3052.6818,False,False,False,False,True
97,1590.9644,307.0625,289.8732,977.6483,16.3803,0.1908,10.6981,2.5444,0.7829,4.6337,23.4149,4.0967,4.0881,-2225.0356,False,False,False,False,True
98,1590.9644,307.0625,289.8732,977.6483,16.3803,0.1908,10.6981,2.5444,0.7829,4.6337,23.4149,4.0967,4.0881,-2225.0356,False,False,False,False,True
99,2030.7712,299.2576,277.8799,1432.1912,21.4425,0.1908,10.6499,2.8719,0.6349,5.4248,35.2358,4.8058,4.0065,-1785.2288,False,False,False,False,True
100,2030.7712,299.2576,277.8799,1432.1912,21.4425,0.1908,10.6499,2.8719,0.6349,5.4248,35.2358,4.8058,4.0065,-1785.2288,False,False,False,False,True
101,1440.5464,294.7070,275.1857,856.7467,13.9070,0.1335,10.0869,2.6751,0.4882,3.3278,27.6339,4.1988,4.0265,-1229.4536,False,False,False,False,True
102,1440.5464,294.7070,275.1857,856.7467,13.9070,0.1335,10.0869,2.6751,0.4882,3.3278,27.6339,4.1988,4.0265,-1229.4536,False,False,False,False,True
103,1430.3593,294.6416,275.3339,846.5391,13.8447,0.1335,10.0869,2.6751,0.4875,3.3278,27.6339,4.1390,4.0265,-1239.6407,False,False,False,False,True
104,1430.3593,294.6416,275.3339,846.5391,13.8447,0.1335,10.0869,2.6751,0.4875,3.3278,27.6339,4.1390,4.0265,-1239.6407,False,False,False,False,True
105,2030.8146,299.2951,277.8841,1432.1912,21.4442,0.1908,10.6499,2.8719,0.6357,5.4248,35.2358,4.8058,4.0065,-1785.1854,False,False,False,False,True
106,2030.8146,299.2951,277.8841,1432.1912,21.4442,0.1908,10.6499,2.8719,0.6357,5.4248,35.2358,4.8058,4.0065,-1785.1854,False,False,False,False,True
107,1612.1535,307.0625,289.8732,998.5667,16.6510,0.1940,10.6981,2.5444,0.7829,4.7103,23.4149,4.0967,4.0927,-2267.8465,False,False,False,False,True
108,1612.1535,307.0625,289.8732,998.5667,16.6510,0.1940,10.6981,2.5444,0.7829,4.7103,23.4149,4.0967,4.0927,-2267.8465,False,False,False,False,True
109,1442.8451,294.7918,274.8150,859.3553,13.8830,0.1338,10.0774,2.6752,0.4888,3.3342,27.6226,4.1988,4.0265,-1233.1549,False,False,False,False,True
110,1442.8451,294.7918,274.8150,859.3553,13.8830,0.1338,10.0774,2.6752,0.4888,3.3342,27.6226,4.1988,4.0265,-1233.1549,False,False,False,False,True
111,1819.9606,301.2015,278.2629,1221.1509,19.3454,0.2089,10.6649,2.6692,0.6325,5.3948,27.2401,4.1988,4.0265,-2358.0394,False,False,False,False,True
112,1819.9606,301.2015,278.2629,1221.1509,19.3454,0.2089,10.6649,2.6692,0.6325,5.3948,27.2401,4.1988,4.0265,-2358.0394,False,False,False,False,True
113,1814.0349,307.6035,289.3272,1197.5075,19.5967,0.2255,10.6400,2.5267,0.7905,5.4043,33.2966,4.0967,4.0070,-2695.9651,False,False,False,False,True
114,1814.0349,307.6035,289.3272,1197.5075,19.5967,0.2255,10.6400,2.5267,0.7905,5.4043,33.2966,4.0967,4.0070,-2695.9651,False,False,False,False,True
115,2236.8416,298.8417,277.8584,1636.3018,23.8397,0.2114,10.6494,2.8783,0.6277,6.0278,35.3063,4.8058,4.0065,-1991.1584,False,False,False,False,True
116,2236.8416,298.8417,277.8584,1636.3018,23.8397,0.2114,10.6494,2.8783,0.6277,6.0278,35.3063,4.8058,4.0065,-1991.1584,False,False,False,False,True
117,1636.5980,306.0741,289.8193,1023.5074,17.1972,0.1813,10.6961,2.6765,0.7829,4.7081,24.4994,4.1980,4.0854,-1989.4020,False,False,False,False,True
118,1636.5980,306.0741,289.8193,1023.5074,17.1972,0.1813,10.6961,2.6765,0.7829,4.7081,24.4994,4.1980,4.0854,-1989.4020,False,False,False,False,True
119,1436.7678,296.6145,275.3893,851.3480,13.4160,0.1429,10.0890,2.5430,0.4875,3.3300,27.6161,4.1836,4.0261,-1421.2322,False,False,False,False,True
120,1436.7678,296.6145,275.3893,851.3480,13.4160,0.1429,10.0890,2.5430,0.4875,3.3300,27.6161,4.1836,4.0261,-1421.2322,False,False,False,False,True
121,1976.7051,307.4943,288.2819,1359.3043,21.6246,0.2509,10.6394,2.5173,0.7829,5.9832,33.3671,4.0967,4.0063,-3041.2949,False,False,False,False,True
122,1976.7051,307.4943,288.2819,1359.3043,21.6246,0.2509,10.6394,2.5173,0.7829,5.9832,33.3671,4.0967,4.0063,-3041.2949,False,False,False,False,True
123,2040.9184,299.2327,277.8841,1442.2420,21.5596,0.1911,10.6499,2.8778,0.6357,5.4489,35.2358,4.8058,4.0310,-1781.0816,False,False,False,False,True
124,2040.9184,299.2327,277.8841,1442.2420,21.5596,0.1911,10.6499,2.8778,0.6357,5.4489,35.2358,4.8058,4.0310,-1781.0816,False,False,False,False,True
125,1829.0178,301.2968,278.0158,1230.1623,19.5429,0.2102,10.6553,2.6693,0.6339,5.4248,35.1103,4.1988,4.0265,-2374.9822,False,False,False,False,True
126,1829.0178,301.2968,278.0158,1230.1623,19.5429,0.2102,10.6553,2.6693,0.6339,5.4248,35.1103,4.1988,4.0265,-2374.9822,False,False,False,False,True
127,2028.5621,299.2951,277.8841,1430.0323,21.3506,0.1899,10.6499,2.8719,0.6357,5.4012,27.3543,4.8058,4.0065,-1769.4379,False,False,False,False,True
128,2028.5621,299.2951,277.8841,1430.0323,21.3506,0.1899,10.6499,2.8719,0.6357,5.4012,27.3543,4.8058,4.0065,-1769.4379,False,False,False,False,True
129,1269.9609,306.3156,289.2030,662.1361,12.3062,0.1285,10.6578,2.6751,0.7860,3.3278,27.6339,4.1382,4.0265,-1300.0391,False,False,False,False,True
130,1269.9609,306.3156,289.2030,662.1361,12.3062,0.1285,10.6578,2.6751,0.7860,3.3278,27.6339,4.1382,4.0265,-1300.0391,False,False,False,False,True
131,1921.1968,296.1289,277.2101,1328.5694,19.2885,0.2014,10.1273,2.5444,0.4834,4.7103,24.4816,4.1836,4.0849,-2106.8032,False,False,False,False,True
132,1921.1968,296.1289,277.2101,1328.5694,19.2885,0.2014,10.1273,2.5444,0.4834,4.7103,24.4816,4.1836,4.0849,-2106.8032,False,False,False,False,True
133,1613.7757,290.8096,295.6713,1010.7667,16.5281,0.1798,10.6959,2.6765,0.4704,4.6693,24.4994,4.1874,4.0854,-1982.2243,False,False,False,False,True
134,1613.7757,290.8096,295.6713,1010.7667,16.5281,0.1798,10.6959,2.6765,0.4704,4.6693,24.4994,4.1874,4.0854,-1982.2243,False,False,False,False,True
135,2374.1714,311.1501,290.0366,1751.7095,21.2752,0.3363,10.6396,2.0400,0.7957,6.0641,33.4118,4.9027,4.6767,-4351.8286,True,False,False,False,False
136,2374.1714,311.1501,290.0366,1751.7095,21.2752,0.3363,10.6396,2.0400,0.7957,6.0641,33.4118,4.9027,4.6767,-4351.8286,True,False,False,False,False
137,1635.7632,307.3763,288.2772,1023.0239,17.0858,0.1960,10.6392,2.5332,0.7829,4.7135,34.8290,4.0967,4.0927,-2284.2368,False,False,False,False,True
138,1635.7632,307.3763,288.2772,1023.0239,17.0858,0.1960,10.6392,2.5332,0.7829,4.7135,34.8290,4.0967,4.0927,-2284.2368,False,False,False,False,True
139,1975.4058,307.2465,288.6081,1357.8660,21.6852,0.2480,10.6514,2.5442,0.7829,6.0041,33.3671,4.0967,4.0071,-2984.5942,False,False,False,False,True
140,1975.4058,307.2465,288.6081,1357.8660,21.6852,0.2480,10.6514,2.5442,0.7829,6.0041,33.3671,4.0967,4.0071,-2984.5942,False,False,False,False,True
141,1843.6920,306.2218,288.3692,1229.0353,20.0657,0.2093,10.6551,2.6693,0.7803,5.4011,27.2289,4.1976,4.0266,-2342.3080,False,False,False,False,True
142,1843.6920,306.2218,288.3692,1229.0353,20.0657,0.2093,10.6551,2.6693,0.7803,5.4011,27.2289,4.1976,4.0266,-2342.3080,False,False,False,False,True
143,1613.1693,302.4998,279.1533,1015.3040,16.2123,0.1940,10.6984,2.5444,0.6364,4.7103,24.4816,4.1840,4.0848,-2266.8307,False,False,False,False,True
144,1613.1693,302.4998,279.1533,1015.3040,16.2123,0.1940,10.6984,2.5444,0.6364,4.7103,24.4816,4.1840,4.0848,-2266.8307,False,False,False,False,True
145,1430.3598,294.6414,275.3339,846.5398,13.8448,0.1335,10.0869,2.6751,0.4875,3.3278,27.6329,4.1390,4.0265,-1239.6402,False,False,False,False,True
146,1430.3598,294.6414,275.3339,846.5398,13.8448,0.1335,10.0869,2.6751,0.4875,3.3278,27.6329,4.1390,4.0265,-1239.6402,False,False,False,False,True
147,1827.9865,301.2969,278.0158,1229.2162,19.4575,0.2093,10.6553,2.6693,0.6339,5.4011,27.2298,4.1988,4.0265,-2358.0135,False,False,False,False,True
148,1827.9865,301.2969,278.0158,1229.2162,19.4575,0.2093,10.6553,2.6693,0.6339,5.4011,27.2298,4.1988,4.0265,-2358.0135,False,False,False,False,True
149,1627.5419,307.0676,289.8384,1013.8150,16.8210,0.1940,10.6969,2.5444,0.7829,4.7103,34.8290,4.1972,4.0927,-2252.4581,False,False,False,False,True
150,1627.5419,307.0676,289.8384,1013.8150,16.8210,0.1940,10.6969,2.5444,0.7829,4.7103,34.8290,4.1972,4.0927,-2252.4581,False,False,False,False,True
151,1638.0518,306.2522,288.5809,1025.8249,17.3938,0.1818,10.6504,2.6765,0.7829,4.7081,24.4994,4.0975,4.0854,-1997.9482,False,False,False,False,True
152,1638.0518,306.2522,288.5809,1025.8249,17.3938,0.1818,10.6504,2.6765,0.7829,4.7081,24.4994,4.0975,4.0854,-1997.9482,False,False,False,False,True
153,1619.6534,290.9224,294.8284,1017.1485,16.7542,0.1801,10.6654,2.6765,0.4704,4.6693,27.3802,4.1890,4.0271,-1982.3466,False,False,False,False,True
154,1619.6534,290.9224,294.8284,1017.1485,16.7542,0.1801,10.6654,2.6765,0.4704,4.6693,27.3802,4.1890,4.0271,-1982.3466,False,False,False,False,True
155,1438.1353,294.5212,276.1671,853.4524,13.9946,0.1332,10.1175,2.6751,0.4875,3.3278,24.7530,4.1375,4.0848,-1225.8647,False,False,False,False,True
156,1438.1353,294.5212,276.1671,853.4524,13.9946,0.1332,10.1175,2.6751,0.4875,3.3278,24.7530,4.1375,4.0848,-1225.8647,False,False,False,False,True
157,1616.5488,307.4502,288.2819,1003.8859,16.9308,0.1956,10.6394,2.5232,0.7829,4.6795,34.8333,4.0967,4.0307,-2295.4512,False,False,False,False,True
158,1616.5488,307.4502,288.2819,1003.8859,16.9308,0.1956,10.6394,2.5232,0.7829,4.6795,34.8333,4.0967,4.0307,-2295.4512,False,False,False,False,True
159,2001.1432,307.0676,289.8384,1382.6747,21.5625,0.2487,10.6969,2.5444,0.7829,6.0380,33.3628,4.1972,4.0927,-2972.8568,False,False,False,False,True
160,2001.1432,307.0676,289.8384,1382.6747,21.5625,0.2487,10.6969,2.5444,0.7829,6.0380,33.3628,4.1972,4.0927,-2972.8568,False,False,False,False,True
161,1620.4639,307.0618,289.8732,1006.7463,16.7826,0.1940,10.6981,2.5445,0.7829,4.7103,24.4816,4.1792,4.0298,-2259.5361,False,False,False,False,True
162,1620.4639,307.0618,289.8732,1006.7463,16.7826,0.1940,10.6981,2.5445,0.7829,4.7103,24.4816,4.1792,4.0298,-2259.5361,False,False,False,False,True
163,2001.6356,307.4509,288.2819,1384.1609,21.7419,0.2511,10.6394,2.5232,0.7829,6.0073,33.3671,4.1003,4.0859,-3020.3644,False,False,False,False,True
164,2001.6356,307.4509,288.2819,1384.1609,21.7419,0.2511,10.6394,2.5232,0.7829,6.0073,33.3671,4.1003,4.0859,-3020.3644,False,False,False,False,True
165,1610.7653,292.5321,291.6777,1010.1487,16.4068,0.1805,10.6966,2.6682,0.4889,4.6693,24.4994,4.1874,4.0854,-1999.2347,False,False,False,False,True
166,1610.7653,292.5321,291.6777,1010.1487,16.4068,0.1805,10.6966,2.6682,0.4889,4.6693,24.4994,4.1874,4.0854,-1999.2347,False,False,False,False,True
167,2350.3469,300.4333,294.0127,1736.7303,19.1706,0.3322,10.6388,2.0489,0.4707,6.0253,33.4118,4.8922,4.6767,-4293.6531,True,False,False,False,False
168,2350.3469,300.4333,294.0127,1736.7303,19.1706,0.3322,10.6388,2.0489,0.4707,6.0253,33.4118,4.8922,4.6767,-4293.6531,True,False,False,False,False
169,1588.9164,294.5785,291.6340,987.0477,15.6563,0.1938,10.6950,2.5302,0.4889,4.6693,24.4994,4.0980,4.0853,-2287.0836,False,False,False,False,True
170,1588.9164,294.5785,291.6340,987.0477,15.6563,0.1938,10.6950,2.5302,0.4889,4.6693,24.4994,4.0980,4.0853,-2287.0836,False,False,False,False,True
171,2022.5649,306.4049,288.3253,1405.4147,22.4199,0.2339,10.6410,2.6612,0.7829,6.0073,33.3671,4.1861,4.0308,-2655.4351,False,False,False,False,True
172,2022.5649,306.4049,288.3253,1405.4147,22.4199,0.2339,10.6410,2.6612,0.7829,6.0073,33.3671,4.1861,4.0308,-2655.4351,False,False,False,False,True
173,1967.2013,295.1704,289.0317,1362.3676,20.6316,0.2498,10.6395,2.5331,0.4946,6.0073,33.3671,4.0825,4.0070,-3028.7987,False,False,False,False,True
174,1967.2013,295.1704,289.0317,1362.3676,20.6316,0.2498,10.6395,2.5331,0.4946,6.0073,33.3671,4.0825,4.0070,-3028.7987,False,False,False,False,True
175,2357.8866,310.8207,287.5410,1738.4847,21.0401,0.3342,10.6394,2.0400,0.7772,6.0253,33.4118,4.9065,4.6767,-4326.1134,True,False,False,False,False
176,2357.8866,310.8207,287.5410,1738.4847,21.0401,0.3342,10.6394,2.0400,0.7772,6.0253,33.4118,4.9065,4.6767,-4326.1134,True,False,False,False,False
177,1634.0518,307.0676,289.8384,1020.3255,16.8204,0.1940,10.6969,2.5444,0.7829,4.7103,24.2318,4.1968,4.0927,-2245.9482,False,False,False,False,True
178,1634.0518,307.0676,289.8384,1020.3255,16.8204,0.1940,10.6969,2.5444,0.7829,4.7103,24.2318,4.1968,4.0927,-2245.9482,False,False,False,False,True
179,1622.4968,307.0625,289.8732,1008.7724,16.7886,0.1940,10.6981,2.5444,0.7829,4.7103,35.0788,4.1832,4.0849,-2257.5032,False,False,False,False,True
180,1622.4968,307.0625,289.8732,1008.7724,16.7886,0.1940,10.6981,2.5444,0.7829,4.7103,35.0788,4.1832,4.0849,-2257.5032,False,False,False,False,True
181,1839.7920,307.5245,289.3325,1223.3314,19.6035,0.2259,10.6546,2.5205,0.7876,5.4011,27.2234,4.1957,4.0307,-2678.2080,False,False,False,False,True
182,1839.7920,307.5245,289.3325,1223.3314,19.6035,0.2259,10.6546,2.5205,0.7876,5.4011,27.2234,4.1957,4.0307,-2678.2080,False,False,False,False,True
183,1978.3295,301.1121,277.6119,1378.0286,21.5768,0.2327,10.6400,2.6721,0.6290,6.0073,33.3726,4.0999,4.0265,-2675.6705,False,False,False,False,True
184,1978.3295,301.1121,277.6119,1378.0286,21.5768,0.2327,10.6400,2.6721,0.6290,6.0073,33.3726,4.0999,4.0265,-2675.6705,False,False,False,False,True
185,1778.5899,300.8885,281.4150,1177.9498,18.3366,0.2075,10.7852,2.6693,0.6359,5.4011,27.2289,4.1988,4.2066,-2371.4101,False,False,False,False,True
186,1778.5899,300.8885,281.4150,1177.9498,18.3366,0.2075,10.7852,2.6693,0.6359,5.4011,27.2289,4.1988,4.2066,-2371.4101,False,False,False,False,True
187,1840.5516,307.5563,289.3169,1224.0770,19.6014,0.2264,10.6541,2.5165,0.7876,5.4030,27.2234,4.1957,4.0307,-2687.4484,False,False,False,False,True
188,1840.5516,307.5563,289.3169,1224.0770,19.6014,0.2264,10.6541,2.5165,0.7876,5.4030,27.2234,4.1957,4.0307,-2687.4484,False,False,False,False,True
189,1610.0427,292.4701,291.6934,1009.4655,16.4138,0.1801,10.6972,2.6722,0.4889,4.6674,24.4994,4.1874,4.0854,-1991.9573,False,False,False,False,True
190,1610.0427,292.4701,291.6934,1009.4655,16.4138,0.1801,10.6972,2.6722,0.4889,4.6674,24.4994,4.1874,4.0854,-1991.9573,False,False,False,False,True
191,1430.1752,294.9375,274.6677,846.7350,13.8350,0.1335,10.0869,2.6751,0.4910,3.3278,27.6339,4.1388,4.0282,-1239.8248,False,False,False,False,True
192,1430.1752,294.9375,274.6677,846.7350,13.8350,0.1335,10.0869,2.6751,0.4910,3.3278,27.6339,4.1388,4.0282,-1239.8248,False,False,False,False,True
193,1635.7626,305.9710,289.3023,1023.3071,17.1821,0.1813,10.6961,2.6765,0.7790,4.7081,24.4994,4.1982,4.0837,-1990.2374,False,False,False,False,True
194,1635.7626,305.9710,289.3023,1023.3071,17.1821,0.1813,10.6961,2.6765,0.7790,4.7081,24.4994,4.1982,4.0837,-1990.2374,False,False,False,False,True
195,1634.3461,307.0641,289.8193,1020.6325,16.8302,0.1939,10.6961,2.5452,0.7829,4.7103,23.4852,4.1981,4.0854,-2243.6539,False,False,False,False,True
196,1634.3461,307.0641,289.8193,1020.6325,16.8302,0.1939,10.6961,2.5452,0.7829,4.7103,23.4852,4.1981,4.0854,-2243.6539,False,False,False,False,True
197,1630.2988,306.0777,289.8384,1017.1946,17.1881,0.1814,10.6969,2.6756,0.7829,4.7081,35.8431,4.1972,4.0927,-1997.7012,False,False,False,True,False
198,1630.2988,306.0777,289.8384,1017.1946,17.1881,0.1814,10.6969,2.6756,0.7829,4.7081,35.8431,4.1972,4.0927,-1997.7012,False,False,False,True,False
199,1613.7757,290.8096,295.6713,1010.7667,16.5281,0.1798,10.6959,2.6765,0.4704,4.6693,24.4994,4.1874,4.0854,-1982.2243,False,False,False,False,True
200,1613.7757,290.8096,295.6713,1010.7667,16.5281,0.1798,10.6959,2.6765,0.4704,4.6693,24.4994,4.1874,4.0854,-1982.2243,False,False,False,False,True
201,1811.8642,307.3506,290.5396,1194.7695,19.2046,0.2252,10.6991,2.5205,0.7876,5.4011,27.2234,4.1957,4.0307,-2692.1358,False,False,False,False,True
202,1811.8642,307.3506,290.5396,1194.7695,19.2046,0.2252,10.6991,2.5205,0.7876,5.4011,27.2234,4.1957,4.0307,-2692.1358,False,False,False,False,True
203,1657.8324,307.2378,288.6149,1044.8011,17.1786,0.1945,10.6517,2.5452,0.7829,4.7103,23.4852,4.1980,4.0854,-2232.1676,False,False,False,False,True
204,1657.8324,307.2378,288.6149,1044.8011,17.1786,0.1945,10.6517,2.5452,0.7829,4.7103,23.4852,4.1980,4.0854,-2232.1676,False,False,False,False,True
205,2133.2251,301.2253,278.0158,1533.1434,20.8406,0.2095,10.6553,2.6763,0.6339,5.4255,27.2289,4.8851,4.6601,-2056.7749,False,False,False,False,True
206,2133.2251,301.2253,278.0158,1533.1434,20.8406,0.2095,10.6553,2.6763,0.6339,5.4255,27.2289,4.8851,4.6601,-2056.7749,False,False,False,False,True
207,1993.5536,301.7034,290.0529,1384.1470,17.6503,0.3340,10.6394,2.0343,0.4893,6.0009,33.4118,4.2059,4.0446,-4686.4464,True,False,False,False,False
208,1993.5536,301.7034,290.0529,1384.1470,17.6503,0.3340,10.6394,2.0343,0.4893,6.0009,33.4118,4.2059,4.0446,-4686.4464,True,False,False,False,False
209,1851.0675,307.3821,288.6998,1235.3613,19.6242,0.2257,10.6548,2.5243,0.7829,5.4087,27.2445,4.1980,4.0854,-2662.9325,False,False,False,False,True
210,1851.0675,307.3821,288.6998,1235.3613,19.6242,0.2257,10.6548,2.5243,0.7829,5.4087,27.2445,4.1980,4.0854,-2662.9325,False,False,False,False,True
211,1627.3171,306.2265,290.4544,1013.4608,17.1753,0.1813,10.6960,2.6727,0.7876,4.7004,24.4783,4.1957,4.0307,-1998.6829,False,False,False,False,True
212,1627.3171,306.2265,290.4544,1013.4608,17.1753,0.1813,10.6960,2.6727,0.7876,4.7004,24.4783,4.1957,4.0307,-1998.6829,False,False,False,False,True
213,1601.4634,292.4183,291.9211,1000.6991,16.4249,0.1805,10.6948,2.6682,0.4875,4.6693,27.6144,4.1874,4.0263,-2008.5366,False,False,False,False,True
214,1601.4634,292.4183,291.9211,1000.6991,16.4249,0.1805,10.6948,2.6682,0.4875,4.6693,27.6144,4.1874,4.0263,-2008.5366,False,False,False,False,True
215,1439.7829,294.7563,275.1081,856.0687,13.8498,0.1335,10.0888,2.6751,0.4889,3.3278,24.5188,4.1390,4.0856,-1230.2171,False,False,False,False,True
216,1439.7829,294.7563,275.1081,856.0687,13.8498,0.1335,10.0888,2.6751,0.4889,3.3278,24.5188,4.1390,4.0856,-1230.2171,False,False,False,False,True
217,1613.7864,290.8096,295.6708,1010.7778,16.5282,0.1798,10.6959,2.6765,0.4704,4.6693,24.4994,4.1874,4.0854,-1982.2136,False,False,False,False,True
218,1613.7864,290.8096,295.6708,1010.7778,16.5282,0.1798,10.6959,2.6765,0.4704,4.6693,24.4994,4.1874,4.0854,-1982.2136,False,False,False,False,True
219,1610.7546,292.5320,291.6783,1010.1376,16.4066,0.1805,10.6966,2.6682,0.4889,4.6693,24.4994,4.1874,4.0854,-1999.2454,False,False,False,False,True
220,1610.7546,292.5320,291.6783,1010.1376,16.4066,0.1805,10.6966,2.6682,0.4889,4.6693,24.4994,4.1874,4.0854,-1999.2454,False,False,False,False,True
221,1627.5419,307.0676,289.8384,1013.8150,16.8210,0.1940,10.6969,2.5444,0.7829,4.7103,34.8290,4.1972,4.0927,-2252.4581,False,False,False,False,True
222,1627.5419,307.0676,289.8384,1013.8150,16.8210,0.1940,10.6969,2.5444,0.7829,4.7103,34.8290,4.1972,4.0927,-2252.4581,False,False,False,False,True
223,1839.7920,307.5245,289.3325,1223.3314,19.6035,0.2259,10.6546,2.5205,0.7876,5.4011,27.2234,4.1957,4.0307,-2678.2080,False,False,False,False,True
224,1839.7920,307.5245,289.3325,1223.3314,19.6035,0.2259,10.6546,2.5205,0.7876,5.4011,27.2234,4.1957,4.0307,-2678.2080,False,False,False,False,True
225,2335.3393,301.6283,290.0529,1724.5987,19.0594,0.3342,10.6394,2.0400,0.4893,6.0253,32.7919,4.8308,4.6767,-4348.6607,True,False,False,False,False
226,2335.3393,301.6283,290.0529,1724.5987,19.0594,0.3342,10.6394,2.0400,0.4893,6.0253,32.7919,4.8308,4.6767,-4348.6607,True,False,False,False,False
227,1610.7701,292.5289,291.6777,1010.1557,16.4077,0.1805,10.6966,2.6684,0.4889,4.6693,24.4994,4.1874,4.0854,-1999.2299,False,False,False,False,True
228,1610.7701,292.5289,291.6777,1010.1557,16.4077,0.1805,10.6966,2.6684,0.4889,4.6693,24.4994,4.1874,4.0854,-1999.2299,False,False,False,False,True
229,1636.5919,306.0757,289.8193,1023.5003,17.1966,0.1813,10.6961,2.6763,0.7829,4.7081,24.4994,4.1980,4.0854,-1989.4081,False,False,False,False,True
230,1636.5919,306.0757,289.8193,1023.5003,17.1966,0.1813,10.6961,2.6763,0.7829,4.7081,24.4994,4.1980,4.0854,-1989.4081,False,False,False,False,True
231,2035.0159,310.9202,288.0202,1417.3835,18.6920,0.2999,10.6394,2.0354,0.7809,5.3910,27.2844,4.8373,4.0892,-3962.9841,True,False,False,False,False
232,2035.0159,310.9202,288.0202,1417.3835,18.6920,0.2999,10.6394,2.0354,0.7809,5.3910,27.2844,4.8373,4.0892,-3962.9841,True,False,False,False,False
233,2246.7357,294.8912,290.1523,1640.8696,20.8226,0.2515,10.6548,2.5293,0.4909,6.0431,32.7519,4.1915,4.6729,-2783.2643,False,False,False,False,True
234,2246.7357,294.8912,290.1523,1640.8696,20.8226,0.2515,10.6548,2.5293,0.4909,6.0431,32.7519,4.1915,4.6729,-2783.2643,False,False,False,False,True
235,1633.8037,306.0881,289.5863,1020.9766,17.1527,0.1820,10.6961,2.6686,0.7811,4.7081,24.4994,4.1878,4.0854,-2006.1963,False,False,False,False,True
236,1633.8037,306.0881,289.5863,1020.9766,17.1527,0.1820,10.6961,2.6686,0.7811,4.7081,24.4994,4.1878,4.0854,-2006.1963,False,False,False,False,True
237,1613.0342,292.5298,291.4005,1012.6508,16.4531,0.1798,10.6966,2.6761,0.4904,4.6693,24.4994,4.1976,4.0854,-1982.9658,False,False,False,False,True
238,1613.0342,292.5298,291.4005,1012.6508,16.4531,0.1798,10.6966,2.6761,0.4904,4.6693,24.4994,4.1976,4.0854,-1982.9658,False,False,False,False,True
239,1611.2506,292.4354,291.6012,1010.7667,16.4472,0.1798,10.6959,2.6765,0.4892,4.6693,24.4994,4.1874,4.0854,-1984.7494,False,False,False,False,True
240,1611.2506,292.4354,291.6012,1010.7667,16.4472,0.1798,10.6959,2.6765,0.4892,4.6693,24.4994,4.1874,4.0854,-1984.7494,False,False,False,False,True
241,1613.3050,290.9113,295.7593,1010.1487,16.4857,0.1805,10.6966,2.6682,0.4701,4.6693,24.4994,4.1874,4.0854,-1996.6950,False,False,False,False,True
242,1613.3050,290.9113,295.7593,1010.1487,16.4857,0.1805,10.6966,2.6682,0.4701,4.6693,24.4994,4.1874,4.0854,-1996.6950,False,False,False,False,True
